--------------------------------------------------------
--  파일이 생성됨 - 목요일-10월-12-2017   
--------------------------------------------------------
--------------------------------------------------------
--  DDL for Table ADMIN
--------------------------------------------------------

  CREATE TABLE "SCHOOL"."ADMIN" 
   (	"ADMIN_ID" VARCHAR2(50 BYTE), 
	"ADMIN_NAME" VARCHAR2(50 BYTE), 
	"ADMIN_REGIDATE" VARCHAR2(50 BYTE), 
	"ADMIN_DEPARTMENT" VARCHAR2(50 BYTE), 
	"ADMIN_POSITION" VARCHAR2(50 BYTE)
   ) SEGMENT CREATION IMMEDIATE 
  PCTFREE 10 PCTUSED 40 INITRANS 1 MAXTRANS 255 NOCOMPRESS LOGGING
  STORAGE(INITIAL 65536 NEXT 1048576 MINEXTENTS 1 MAXEXTENTS 2147483645
  PCTINCREASE 0 FREELISTS 1 FREELIST GROUPS 1 BUFFER_POOL DEFAULT FLASH_CACHE DEFAULT CELL_FLASH_CACHE DEFAULT)
  TABLESPACE "SYSTEM" ;
--------------------------------------------------------
--  DDL for Table ASSESSMENT
--------------------------------------------------------

  CREATE TABLE "SCHOOL"."ASSESSMENT" 
   (	"SUB_SEQ_NUM" NUMBER, 
	"STUDENT_ID" VARCHAR2(30 BYTE), 
	"STUDENT_NAME" VARCHAR2(50 BYTE), 
	"PROFESSOR_ID" VARCHAR2(50 BYTE), 
	"PROFESSOR_NAME" VARCHAR2(50 BYTE), 
	"PROFESSOR_GRADE" NUMBER, 
	"STUDENT_SCORE" NUMBER, 
	"TOTAL_SEMESTER" NUMBER
   ) SEGMENT CREATION IMMEDIATE 
  PCTFREE 10 PCTUSED 40 INITRANS 1 MAXTRANS 255 NOCOMPRESS LOGGING
  STORAGE(INITIAL 65536 NEXT 1048576 MINEXTENTS 1 MAXEXTENTS 2147483645
  PCTINCREASE 0 FREELISTS 1 FREELIST GROUPS 1 BUFFER_POOL DEFAULT FLASH_CACHE DEFAULT CELL_FLASH_CACHE DEFAULT)
  TABLESPACE "SYSTEM" ;
--------------------------------------------------------
--  DDL for Table COMMENTS
--------------------------------------------------------

  CREATE TABLE "SCHOOL"."COMMENTS" 
   (	"BBS_SEQ" NUMBER, 
	"COMMENT_GROUP_NO" NUMBER, 
	"COMMENT_SHAPE" VARCHAR2(10 BYTE) DEFAULT '0', 
	"COMMENT_SEQ" NUMBER, 
	"COMMENT_STATUS" NUMBER DEFAULT 1, 
	"USER_ID" VARCHAR2(50 BYTE), 
	"COMMENT_CONTENT" VARCHAR2(50 BYTE), 
	"COMMENT_CREATE_AT" DATE DEFAULT SYSDATE
   ) SEGMENT CREATION IMMEDIATE 
  PCTFREE 10 PCTUSED 40 INITRANS 1 MAXTRANS 255 NOCOMPRESS LOGGING
  STORAGE(INITIAL 65536 NEXT 1048576 MINEXTENTS 1 MAXEXTENTS 2147483645
  PCTINCREASE 0 FREELISTS 1 FREELIST GROUPS 1 BUFFER_POOL DEFAULT FLASH_CACHE DEFAULT CELL_FLASH_CACHE DEFAULT)
  TABLESPACE "SYSTEM" ;
--------------------------------------------------------
--  DDL for Table ECLASS_NOTICE_BBS
--------------------------------------------------------

  CREATE TABLE "SCHOOL"."ECLASS_NOTICE_BBS" 
   (	"ECLASS_NOTICE_BBS_SEQ" NUMBER(8,0), 
	"USER_ID" VARCHAR2(50 BYTE), 
	"TITLE" VARCHAR2(200 BYTE), 
	"CONTENT" VARCHAR2(4000 BYTE), 
	"READCOUNT" NUMBER(8,0), 
	"FILENAME" VARCHAR2(200 BYTE), 
	"ORG_FILENAME" VARCHAR2(200 BYTE), 
	"WDATE" DATE, 
	"SUB_SEQ" NUMBER(8,0)
   ) SEGMENT CREATION IMMEDIATE 
  PCTFREE 10 PCTUSED 40 INITRANS 1 MAXTRANS 255 NOCOMPRESS LOGGING
  STORAGE(INITIAL 65536 NEXT 1048576 MINEXTENTS 1 MAXEXTENTS 2147483645
  PCTINCREASE 0 FREELISTS 1 FREELIST GROUPS 1 BUFFER_POOL DEFAULT FLASH_CACHE DEFAULT CELL_FLASH_CACHE DEFAULT)
  TABLESPACE "SYSTEM" ;
--------------------------------------------------------
--  DDL for Table ECLASS_PDS_BBS
--------------------------------------------------------

  CREATE TABLE "SCHOOL"."ECLASS_PDS_BBS" 
   (	"ECLASS_PDS_BBS_SEQ" NUMBER(8,0), 
	"REF" NUMBER(8,0), 
	"STEP" NUMBER(8,0), 
	"DEPTH" NUMBER(8,0), 
	"USER_ID" VARCHAR2(50 BYTE), 
	"TITLE" VARCHAR2(200 BYTE), 
	"CONTENT" VARCHAR2(4000 BYTE), 
	"READCOUNT" NUMBER(8,0), 
	"FILENAME" VARCHAR2(200 BYTE), 
	"ORG_FILENAME" VARCHAR2(200 BYTE), 
	"STATUS" NUMBER(8,0), 
	"WDATE" DATE, 
	"SDATE" DATE, 
	"EDATE" DATE, 
	"SUB_SEQ" NUMBER(8,0)
   ) SEGMENT CREATION IMMEDIATE 
  PCTFREE 10 PCTUSED 40 INITRANS 1 MAXTRANS 255 NOCOMPRESS LOGGING
  STORAGE(INITIAL 65536 NEXT 1048576 MINEXTENTS 1 MAXEXTENTS 2147483645
  PCTINCREASE 0 FREELISTS 1 FREELIST GROUPS 1 BUFFER_POOL DEFAULT FLASH_CACHE DEFAULT CELL_FLASH_CACHE DEFAULT)
  TABLESPACE "SYSTEM" ;
--------------------------------------------------------
--  DDL for Table MAIN_BBS
--------------------------------------------------------

  CREATE TABLE "SCHOOL"."MAIN_BBS" 
   (	"BOARD_URL" VARCHAR2(50 BYTE), 
	"BBS_REF" NUMBER(8,0), 
	"BBS_REPLY" VARCHAR2(10 BYTE) DEFAULT '0', 
	"BBS_SEQ" NUMBER(8,0), 
	"USER_ID" VARCHAR2(50 BYTE), 
	"BBS_TITLE" VARCHAR2(200 BYTE), 
	"BBS_CONTENT" VARCHAR2(4000 BYTE), 
	"BBS_READCOUNT" NUMBER(8,0) DEFAULT 0, 
	"BBS_STORED_FILENAME" VARCHAR2(200 BYTE) DEFAULT '-1', 
	"BBS_ORG_FILENAME" VARCHAR2(200 BYTE) DEFAULT '-1', 
	"BBS_STATUS" NUMBER DEFAULT 1, 
	"BBS_WDATE" DATE DEFAULT SYSDATE
   ) SEGMENT CREATION IMMEDIATE 
  PCTFREE 10 PCTUSED 40 INITRANS 1 MAXTRANS 255 NOCOMPRESS LOGGING
  STORAGE(INITIAL 65536 NEXT 1048576 MINEXTENTS 1 MAXEXTENTS 2147483645
  PCTINCREASE 0 FREELISTS 1 FREELIST GROUPS 1 BUFFER_POOL DEFAULT FLASH_CACHE DEFAULT CELL_FLASH_CACHE DEFAULT)
  TABLESPACE "SYSTEM" ;
--------------------------------------------------------
--  DDL for Table MAIN_PDS_COMMENT
--------------------------------------------------------

  CREATE TABLE "SCHOOL"."MAIN_PDS_COMMENT" 
   (	"PDS_SEQ" NUMBER, 
	"COMMENT_GROUP_NO" NUMBER, 
	"COMMENT_SHAPE" VARCHAR2(10 BYTE) DEFAULT '', 
	"COMMENT_SEQ" NUMBER, 
	"STATUS" VARCHAR2(10 BYTE) DEFAULT '공개', 
	"USER_ID" VARCHAR2(50 BYTE), 
	"CONTENT" VARCHAR2(50 BYTE), 
	"CREATE_AT" DATE DEFAULT SYSDATE
   ) SEGMENT CREATION IMMEDIATE 
  PCTFREE 10 PCTUSED 40 INITRANS 1 MAXTRANS 255 NOCOMPRESS LOGGING
  STORAGE(INITIAL 65536 NEXT 1048576 MINEXTENTS 1 MAXEXTENTS 2147483645
  PCTINCREASE 0 FREELISTS 1 FREELIST GROUPS 1 BUFFER_POOL DEFAULT FLASH_CACHE DEFAULT CELL_FLASH_CACHE DEFAULT)
  TABLESPACE "SYSTEM" ;
--------------------------------------------------------
--  DDL for Table PROFESSOR
--------------------------------------------------------

  CREATE TABLE "SCHOOL"."PROFESSOR" 
   (	"PROF_ID" VARCHAR2(50 BYTE), 
	"PROF_NAME" VARCHAR2(50 BYTE), 
	"PROF_REGIDATE" VARCHAR2(50 BYTE), 
	"PROF_POSITION" VARCHAR2(50 BYTE), 
	"PROF_ROOM" VARCHAR2(50 BYTE), 
	"PROF_DEGREE" VARCHAR2(50 BYTE), 
	"PROF_MAJOR" VARCHAR2(50 BYTE)
   ) SEGMENT CREATION IMMEDIATE 
  PCTFREE 10 PCTUSED 40 INITRANS 1 MAXTRANS 255 NOCOMPRESS LOGGING
  STORAGE(INITIAL 65536 NEXT 1048576 MINEXTENTS 1 MAXEXTENTS 2147483645
  PCTINCREASE 0 FREELISTS 1 FREELIST GROUPS 1 BUFFER_POOL DEFAULT FLASH_CACHE DEFAULT CELL_FLASH_CACHE DEFAULT)
  TABLESPACE "SYSTEM" ;
--------------------------------------------------------
--  DDL for Table STUDENT
--------------------------------------------------------

  CREATE TABLE "SCHOOL"."STUDENT" 
   (	"STUDENT_ID" VARCHAR2(50 BYTE), 
	"STUDENT_NAME" VARCHAR2(50 BYTE), 
	"STUDENT_REGIDATE" VARCHAR2(50 BYTE), 
	"STUDENT_TERM" NUMBER, 
	"STUDENT_YEAR" NUMBER, 
	"STUDENT_TOTAL_CREDIT" NUMBER, 
	"STUDENT_TERM_GRADE" NUMBER, 
	"STUDENT_TOTAL_GRADE" NUMBER, 
	"STUDENT_MAJOR" VARCHAR2(50 BYTE), 
	"STUDENT_FIRST_MAJOR" VARCHAR2(50 BYTE), 
	"TOTAL_SEMESTER" NUMBER
   ) SEGMENT CREATION IMMEDIATE 
  PCTFREE 10 PCTUSED 40 INITRANS 1 MAXTRANS 255 NOCOMPRESS LOGGING
  STORAGE(INITIAL 65536 NEXT 1048576 MINEXTENTS 1 MAXEXTENTS 2147483645
  PCTINCREASE 0 FREELISTS 1 FREELIST GROUPS 1 BUFFER_POOL DEFAULT FLASH_CACHE DEFAULT CELL_FLASH_CACHE DEFAULT)
  TABLESPACE "SYSTEM" ;
--------------------------------------------------------
--  DDL for Table SUBJECT
--------------------------------------------------------

  CREATE TABLE "SCHOOL"."SUBJECT" 
   (	"SUB_SEQ" NUMBER(8,0), 
	"SUB_CATEGORY" VARCHAR2(50 BYTE), 
	"MAJOR_NUMBER" VARCHAR2(50 BYTE), 
	"SUB_GRADE" NUMBER(8,0), 
	"SUB_SEMESTER" NUMBER(8,0), 
	"SUB_NAME" VARCHAR2(50 BYTE), 
	"PROFESSOR_ID" VARCHAR2(50 BYTE), 
	"PROFESSOR_NAME" VARCHAR2(50 BYTE), 
	"SUB_INFO" VARCHAR2(4000 BYTE), 
	"SUB_ROOM" VARCHAR2(255 BYTE), 
	"SUB_WEEK" VARCHAR2(50 BYTE), 
	"SUB_S_CLASS" NUMBER(8,0), 
	"SUB_E_CLASS" NUMBER(8,0), 
	"SUB_MAX_STUDENT" NUMBER, 
	"SUB_NOW_STUDENT" NUMBER DEFAULT 0, 
	"SUB_POINT" NUMBER, 
	"SUB_REF" NUMBER(8,0), 
	"SUB_PARENT" NUMBER(8,0), 
	"SUB_STATUS" VARCHAR2(10 BYTE) DEFAULT '개강'
   ) SEGMENT CREATION IMMEDIATE 
  PCTFREE 10 PCTUSED 40 INITRANS 1 MAXTRANS 255 NOCOMPRESS LOGGING
  STORAGE(INITIAL 65536 NEXT 1048576 MINEXTENTS 1 MAXEXTENTS 2147483645
  PCTINCREASE 0 FREELISTS 1 FREELIST GROUPS 1 BUFFER_POOL DEFAULT FLASH_CACHE DEFAULT CELL_FLASH_CACHE DEFAULT)
  TABLESPACE "SYSTEM" ;
--------------------------------------------------------
--  DDL for Table USERS
--------------------------------------------------------

  CREATE TABLE "SCHOOL"."USERS" 
   (	"USER_ID" VARCHAR2(50 BYTE), 
	"USER_PW" VARCHAR2(50 BYTE), 
	"USER_NAME" VARCHAR2(50 BYTE), 
	"USER_EMAIL" VARCHAR2(50 BYTE), 
	"USER_PHONE" VARCHAR2(50 BYTE), 
	"USER_ADDRESS" VARCHAR2(255 BYTE), 
	"USER_BIRTH" VARCHAR2(50 BYTE), 
	"USER_AUTH" VARCHAR2(50 BYTE), 
	"USER_STATUS" VARCHAR2(50 BYTE), 
	"USER_PHOTO" VARCHAR2(50 BYTE)
   ) SEGMENT CREATION IMMEDIATE 
  PCTFREE 10 PCTUSED 40 INITRANS 1 MAXTRANS 255 NOCOMPRESS LOGGING
  STORAGE(INITIAL 65536 NEXT 1048576 MINEXTENTS 1 MAXEXTENTS 2147483645
  PCTINCREASE 0 FREELISTS 1 FREELIST GROUPS 1 BUFFER_POOL DEFAULT FLASH_CACHE DEFAULT CELL_FLASH_CACHE DEFAULT)
  TABLESPACE "SYSTEM" ;
--------------------------------------------------------
--  DDL for Sequence COMMENTS_SEQ
--------------------------------------------------------

   CREATE SEQUENCE  "SCHOOL"."COMMENTS_SEQ"  MINVALUE 1 MAXVALUE 9999999999999999999999999999 INCREMENT BY 1 START WITH 61 CACHE 20 NOORDER  NOCYCLE ;
--------------------------------------------------------
--  DDL for Sequence ECLASS_NOTICE_BBS_SEQ
--------------------------------------------------------

   CREATE SEQUENCE  "SCHOOL"."ECLASS_NOTICE_BBS_SEQ"  MINVALUE 1 MAXVALUE 9999999999999999999999999999 INCREMENT BY 1 START WITH 45 CACHE 20 NOORDER  NOCYCLE ;
--------------------------------------------------------
--  DDL for Sequence ECLASS_PDS_BBS_SEQ
--------------------------------------------------------

   CREATE SEQUENCE  "SCHOOL"."ECLASS_PDS_BBS_SEQ"  MINVALUE 1 MAXVALUE 9999999999999999999999999999 INCREMENT BY 1 START WITH 102 CACHE 20 NOORDER  NOCYCLE ;
--------------------------------------------------------
--  DDL for Sequence MAIN_BBS_SEQ
--------------------------------------------------------

   CREATE SEQUENCE  "SCHOOL"."MAIN_BBS_SEQ"  MINVALUE 1 MAXVALUE 9999999999999999999999999999 INCREMENT BY 1 START WITH 65 CACHE 20 NOORDER  NOCYCLE ;
--------------------------------------------------------
--  DDL for Sequence NOTICE_BBS_SEQ
--------------------------------------------------------

   CREATE SEQUENCE  "SCHOOL"."NOTICE_BBS_SEQ"  MINVALUE 1 MAXVALUE 9999999999999999999999999999 INCREMENT BY 1 START WITH 101 CACHE 20 NOORDER  NOCYCLE ;
--------------------------------------------------------
--  DDL for Sequence SUB_SEQ
--------------------------------------------------------

   CREATE SEQUENCE  "SCHOOL"."SUB_SEQ"  MINVALUE 1 MAXVALUE 9999999999999999999999999999 INCREMENT BY 1 START WITH 83 CACHE 20 NOORDER  NOCYCLE ;
--------------------------------------------------------
--  DDL for Sequence USER_SEQ
--------------------------------------------------------

   CREATE SEQUENCE  "SCHOOL"."USER_SEQ"  MINVALUE 1 MAXVALUE 9999999999999999999999999999 INCREMENT BY 1 START WITH 1 CACHE 20 NOORDER  NOCYCLE ;
REM INSERTING into SCHOOL.ADMIN
SET DEFINE OFF;
Insert into SCHOOL.ADMIN (ADMIN_ID,ADMIN_NAME,ADMIN_REGIDATE,ADMIN_DEPARTMENT,ADMIN_POSITION) values ('9999999','9999999','99999','1002','99999');
Insert into SCHOOL.ADMIN (ADMIN_ID,ADMIN_NAME,ADMIN_REGIDATE,ADMIN_DEPARTMENT,ADMIN_POSITION) values ('교직원1','교직원1','20170301','1001','1');
Insert into SCHOOL.ADMIN (ADMIN_ID,ADMIN_NAME,ADMIN_REGIDATE,ADMIN_DEPARTMENT,ADMIN_POSITION) values ('직원1','직원1','1','입학처','1');
REM INSERTING into SCHOOL.ASSESSMENT
SET DEFINE OFF;
Insert into SCHOOL.ASSESSMENT (SUB_SEQ_NUM,STUDENT_ID,STUDENT_NAME,PROFESSOR_ID,PROFESSOR_NAME,PROFESSOR_GRADE,STUDENT_SCORE,TOTAL_SEMESTER) values (1,'jiyuns','송지윤','asdf','윤필용',10,0,6);
Insert into SCHOOL.ASSESSMENT (SUB_SEQ_NUM,STUDENT_ID,STUDENT_NAME,PROFESSOR_ID,PROFESSOR_NAME,PROFESSOR_GRADE,STUDENT_SCORE,TOTAL_SEMESTER) values (2,'jiyuns','송지윤','asdf','윤필용',0,75,6);
Insert into SCHOOL.ASSESSMENT (SUB_SEQ_NUM,STUDENT_ID,STUDENT_NAME,PROFESSOR_ID,PROFESSOR_NAME,PROFESSOR_GRADE,STUDENT_SCORE,TOTAL_SEMESTER) values (3,'jiyuns','송지윤','asdf','윤필용',0,25,6);
Insert into SCHOOL.ASSESSMENT (SUB_SEQ_NUM,STUDENT_ID,STUDENT_NAME,PROFESSOR_ID,PROFESSOR_NAME,PROFESSOR_GRADE,STUDENT_SCORE,TOTAL_SEMESTER) values (42,'학생6','학생6','교수1','교수1',0,8,0);
Insert into SCHOOL.ASSESSMENT (SUB_SEQ_NUM,STUDENT_ID,STUDENT_NAME,PROFESSOR_ID,PROFESSOR_NAME,PROFESSOR_GRADE,STUDENT_SCORE,TOTAL_SEMESTER) values (4,'jiyuns','송지윤','jiyunp','송지윤교수',12,90,6);
Insert into SCHOOL.ASSESSMENT (SUB_SEQ_NUM,STUDENT_ID,STUDENT_NAME,PROFESSOR_ID,PROFESSOR_NAME,PROFESSOR_GRADE,STUDENT_SCORE,TOTAL_SEMESTER) values (42,'학생1','학생1','교수1','교수1',0,8,0);
Insert into SCHOOL.ASSESSMENT (SUB_SEQ_NUM,STUDENT_ID,STUDENT_NAME,PROFESSOR_ID,PROFESSOR_NAME,PROFESSOR_GRADE,STUDENT_SCORE,TOTAL_SEMESTER) values (6,'jiyuns','송지윤','jiyunp','송지윤교수',11,98,6);
Insert into SCHOOL.ASSESSMENT (SUB_SEQ_NUM,STUDENT_ID,STUDENT_NAME,PROFESSOR_ID,PROFESSOR_NAME,PROFESSOR_GRADE,STUDENT_SCORE,TOTAL_SEMESTER) values (42,'jiyuns','송지윤학생','교수1','교수1',0,1,6);
REM INSERTING into SCHOOL.COMMENTS
SET DEFINE OFF;
Insert into SCHOOL.COMMENTS (BBS_SEQ,COMMENT_GROUP_NO,COMMENT_SHAPE,COMMENT_SEQ,COMMENT_STATUS,USER_ID,COMMENT_CONTENT,COMMENT_CREATE_AT) values (4,2,'0',2,1,'asdf','TEST',to_date('17/09/28','RR/MM/DD'));
Insert into SCHOOL.COMMENTS (BBS_SEQ,COMMENT_GROUP_NO,COMMENT_SHAPE,COMMENT_SEQ,COMMENT_STATUS,USER_ID,COMMENT_CONTENT,COMMENT_CREATE_AT) values (4,3,'0',3,1,'asdf','test',to_date('17/09/28','RR/MM/DD'));
Insert into SCHOOL.COMMENTS (BBS_SEQ,COMMENT_GROUP_NO,COMMENT_SHAPE,COMMENT_SEQ,COMMENT_STATUS,USER_ID,COMMENT_CONTENT,COMMENT_CREATE_AT) values (4,4,'0',4,1,'asdf','asdf',to_date('17/09/28','RR/MM/DD'));
Insert into SCHOOL.COMMENTS (BBS_SEQ,COMMENT_GROUP_NO,COMMENT_SHAPE,COMMENT_SEQ,COMMENT_STATUS,USER_ID,COMMENT_CONTENT,COMMENT_CREATE_AT) values (4,5,'0',5,1,'asdf','최신 댓글',to_date('17/09/28','RR/MM/DD'));
Insert into SCHOOL.COMMENTS (BBS_SEQ,COMMENT_GROUP_NO,COMMENT_SHAPE,COMMENT_SEQ,COMMENT_STATUS,USER_ID,COMMENT_CONTENT,COMMENT_CREATE_AT) values (4,6,'0',6,1,'asdf','test',to_date('17/09/28','RR/MM/DD'));
Insert into SCHOOL.COMMENTS (BBS_SEQ,COMMENT_GROUP_NO,COMMENT_SHAPE,COMMENT_SEQ,COMMENT_STATUS,USER_ID,COMMENT_CONTENT,COMMENT_CREATE_AT) values (4,7,'0',7,1,'asdf','으하하하',to_date('17/09/28','RR/MM/DD'));
Insert into SCHOOL.COMMENTS (BBS_SEQ,COMMENT_GROUP_NO,COMMENT_SHAPE,COMMENT_SEQ,COMMENT_STATUS,USER_ID,COMMENT_CONTENT,COMMENT_CREATE_AT) values (4,8,'0',8,1,'asdf','이 아조씨...눈물이 나네',to_date('17/09/28','RR/MM/DD'));
Insert into SCHOOL.COMMENTS (BBS_SEQ,COMMENT_GROUP_NO,COMMENT_SHAPE,COMMENT_SEQ,COMMENT_STATUS,USER_ID,COMMENT_CONTENT,COMMENT_CREATE_AT) values (4,9,'0',9,1,'asdf','으아아아아ㅏ아',to_date('17/09/28','RR/MM/DD'));
Insert into SCHOOL.COMMENTS (BBS_SEQ,COMMENT_GROUP_NO,COMMENT_SHAPE,COMMENT_SEQ,COMMENT_STATUS,USER_ID,COMMENT_CONTENT,COMMENT_CREATE_AT) values (1,10,'0',10,0,'asdf','update',to_date('17/09/28','RR/MM/DD'));
Insert into SCHOOL.COMMENTS (BBS_SEQ,COMMENT_GROUP_NO,COMMENT_SHAPE,COMMENT_SEQ,COMMENT_STATUS,USER_ID,COMMENT_CONTENT,COMMENT_CREATE_AT) values (1,11,'0',11,1,'asdf','update',to_date('17/09/28','RR/MM/DD'));
Insert into SCHOOL.COMMENTS (BBS_SEQ,COMMENT_GROUP_NO,COMMENT_SHAPE,COMMENT_SEQ,COMMENT_STATUS,USER_ID,COMMENT_CONTENT,COMMENT_CREATE_AT) values (1,12,'0',12,0,'asdf','update',to_date('17/09/28','RR/MM/DD'));
Insert into SCHOOL.COMMENTS (BBS_SEQ,COMMENT_GROUP_NO,COMMENT_SHAPE,COMMENT_SEQ,COMMENT_STATUS,USER_ID,COMMENT_CONTENT,COMMENT_CREATE_AT) values (1,13,'0',13,1,'asdf','update',to_date('17/09/28','RR/MM/DD'));
Insert into SCHOOL.COMMENTS (BBS_SEQ,COMMENT_GROUP_NO,COMMENT_SHAPE,COMMENT_SEQ,COMMENT_STATUS,USER_ID,COMMENT_CONTENT,COMMENT_CREATE_AT) values (9,14,'0',14,1,'asdf','수정',to_date('17/09/28','RR/MM/DD'));
Insert into SCHOOL.COMMENTS (BBS_SEQ,COMMENT_GROUP_NO,COMMENT_SHAPE,COMMENT_SEQ,COMMENT_STATUS,USER_ID,COMMENT_CONTENT,COMMENT_CREATE_AT) values (9,15,'0',15,1,'asdf','수정',to_date('17/09/28','RR/MM/DD'));
Insert into SCHOOL.COMMENTS (BBS_SEQ,COMMENT_GROUP_NO,COMMENT_SHAPE,COMMENT_SEQ,COMMENT_STATUS,USER_ID,COMMENT_CONTENT,COMMENT_CREATE_AT) values (9,21,'0',21,1,'asdf','test',to_date('17/09/29','RR/MM/DD'));
Insert into SCHOOL.COMMENTS (BBS_SEQ,COMMENT_GROUP_NO,COMMENT_SHAPE,COMMENT_SEQ,COMMENT_STATUS,USER_ID,COMMENT_CONTENT,COMMENT_CREATE_AT) values (9,22,'0',22,1,'asdf','ㅊㅊㅊㅊㅊㅊ',to_date('17/09/29','RR/MM/DD'));
Insert into SCHOOL.COMMENTS (BBS_SEQ,COMMENT_GROUP_NO,COMMENT_SHAPE,COMMENT_SEQ,COMMENT_STATUS,USER_ID,COMMENT_CONTENT,COMMENT_CREATE_AT) values (22,23,'0',23,1,'asdf','우와 신기하다~~~~~~~~
',to_date('17/09/29','RR/MM/DD'));
Insert into SCHOOL.COMMENTS (BBS_SEQ,COMMENT_GROUP_NO,COMMENT_SHAPE,COMMENT_SEQ,COMMENT_STATUS,USER_ID,COMMENT_CONTENT,COMMENT_CREATE_AT) values (49,41,'0',41,0,'asdf','수정',to_date('17/10/12','RR/MM/DD'));
Insert into SCHOOL.COMMENTS (BBS_SEQ,COMMENT_GROUP_NO,COMMENT_SHAPE,COMMENT_SEQ,COMMENT_STATUS,USER_ID,COMMENT_CONTENT,COMMENT_CREATE_AT) values (49,42,'0',42,0,'asdf','된듯',to_date('17/10/12','RR/MM/DD'));
Insert into SCHOOL.COMMENTS (BBS_SEQ,COMMENT_GROUP_NO,COMMENT_SHAPE,COMMENT_SEQ,COMMENT_STATUS,USER_ID,COMMENT_CONTENT,COMMENT_CREATE_AT) values (49,43,'0',43,0,'asdf','ㅇㅇㅇㅇ',to_date('17/10/12','RR/MM/DD'));
Insert into SCHOOL.COMMENTS (BBS_SEQ,COMMENT_GROUP_NO,COMMENT_SHAPE,COMMENT_SEQ,COMMENT_STATUS,USER_ID,COMMENT_CONTENT,COMMENT_CREATE_AT) values (49,44,'0',44,1,'학생1','ddd',to_date('17/10/12','RR/MM/DD'));
REM INSERTING into SCHOOL.ECLASS_NOTICE_BBS
SET DEFINE OFF;
Insert into SCHOOL.ECLASS_NOTICE_BBS (ECLASS_NOTICE_BBS_SEQ,USER_ID,TITLE,CONTENT,READCOUNT,FILENAME,ORG_FILENAME,WDATE,SUB_SEQ) values (25,'jiyunp','xzc','zxc',0,'-1','-1',to_date('17/10/12','RR/MM/DD'),4);
Insert into SCHOOL.ECLASS_NOTICE_BBS (ECLASS_NOTICE_BBS_SEQ,USER_ID,TITLE,CONTENT,READCOUNT,FILENAME,ORG_FILENAME,WDATE,SUB_SEQ) values (2,'jiyuns','88','gd',37,'-1','-1',to_date('17/10/11','RR/MM/DD'),42);
Insert into SCHOOL.ECLASS_NOTICE_BBS (ECLASS_NOTICE_BBS_SEQ,USER_ID,TITLE,CONTENT,READCOUNT,FILENAME,ORG_FILENAME,WDATE,SUB_SEQ) values (3,'jiyuns','1616','66',3,'-1','-1',to_date('17/10/11','RR/MM/DD'),4);
Insert into SCHOOL.ECLASS_NOTICE_BBS (ECLASS_NOTICE_BBS_SEQ,USER_ID,TITLE,CONTENT,READCOUNT,FILENAME,ORG_FILENAME,WDATE,SUB_SEQ) values (26,'jiyunp','ZXCV','ZXC',0,'-1','-1',to_date('17/10/12','RR/MM/DD'),4);
REM INSERTING into SCHOOL.ECLASS_PDS_BBS
SET DEFINE OFF;
Insert into SCHOOL.ECLASS_PDS_BBS (ECLASS_PDS_BBS_SEQ,REF,STEP,DEPTH,USER_ID,TITLE,CONTENT,READCOUNT,FILENAME,ORG_FILENAME,STATUS,WDATE,SDATE,EDATE,SUB_SEQ) values (57,2,0,0,'jiyuns','1324','1324',0,'-1','-1',0,to_date('17/10/12','RR/MM/DD'),to_date('17/10/12','RR/MM/DD'),to_date('17/10/12','RR/MM/DD'),42);
Insert into SCHOOL.ECLASS_PDS_BBS (ECLASS_PDS_BBS_SEQ,REF,STEP,DEPTH,USER_ID,TITLE,CONTENT,READCOUNT,FILENAME,ORG_FILENAME,STATUS,WDATE,SDATE,EDATE,SUB_SEQ) values (58,3,0,0,'jiyuns','125','1235',0,'-1','-1',0,to_date('17/10/12','RR/MM/DD'),to_date('17/10/12','RR/MM/DD'),to_date('17/10/12','RR/MM/DD'),42);
Insert into SCHOOL.ECLASS_PDS_BBS (ECLASS_PDS_BBS_SEQ,REF,STEP,DEPTH,USER_ID,TITLE,CONTENT,READCOUNT,FILENAME,ORG_FILENAME,STATUS,WDATE,SDATE,EDATE,SUB_SEQ) values (59,4,0,0,'jiyuns','124','1234',0,'-1','-1',0,to_date('17/10/12','RR/MM/DD'),to_date('17/10/12','RR/MM/DD'),to_date('17/10/12','RR/MM/DD'),42);
Insert into SCHOOL.ECLASS_PDS_BBS (ECLASS_PDS_BBS_SEQ,REF,STEP,DEPTH,USER_ID,TITLE,CONTENT,READCOUNT,FILENAME,ORG_FILENAME,STATUS,WDATE,SDATE,EDATE,SUB_SEQ) values (60,5,0,0,'jiyuns','1234','1234',0,'-1','-1',0,to_date('17/10/12','RR/MM/DD'),to_date('17/10/12','RR/MM/DD'),to_date('17/10/12','RR/MM/DD'),42);
Insert into SCHOOL.ECLASS_PDS_BBS (ECLASS_PDS_BBS_SEQ,REF,STEP,DEPTH,USER_ID,TITLE,CONTENT,READCOUNT,FILENAME,ORG_FILENAME,STATUS,WDATE,SDATE,EDATE,SUB_SEQ) values (61,6,0,0,'jiyuns','12','1',0,'-1','-1',0,to_date('17/10/12','RR/MM/DD'),to_date('17/10/12','RR/MM/DD'),to_date('17/10/12','RR/MM/DD'),42);
Insert into SCHOOL.ECLASS_PDS_BBS (ECLASS_PDS_BBS_SEQ,REF,STEP,DEPTH,USER_ID,TITLE,CONTENT,READCOUNT,FILENAME,ORG_FILENAME,STATUS,WDATE,SDATE,EDATE,SUB_SEQ) values (62,7,0,0,'jiyuns','125','1235',0,'-1','-1',0,to_date('17/10/12','RR/MM/DD'),to_date('17/10/12','RR/MM/DD'),to_date('17/10/12','RR/MM/DD'),42);
Insert into SCHOOL.ECLASS_PDS_BBS (ECLASS_PDS_BBS_SEQ,REF,STEP,DEPTH,USER_ID,TITLE,CONTENT,READCOUNT,FILENAME,ORG_FILENAME,STATUS,WDATE,SDATE,EDATE,SUB_SEQ) values (63,8,0,0,'jiyuns','1','1',0,'-1','-1',0,to_date('17/10/12','RR/MM/DD'),to_date('17/10/12','RR/MM/DD'),to_date('17/10/12','RR/MM/DD'),42);
Insert into SCHOOL.ECLASS_PDS_BBS (ECLASS_PDS_BBS_SEQ,REF,STEP,DEPTH,USER_ID,TITLE,CONTENT,READCOUNT,FILENAME,ORG_FILENAME,STATUS,WDATE,SDATE,EDATE,SUB_SEQ) values (64,9,0,0,'jiyuns','asdf','adsf',0,'wallpaper.jpg','wallpaper.jpg',0,to_date('17/10/12','RR/MM/DD'),to_date('17/10/12','RR/MM/DD'),to_date('17/10/12','RR/MM/DD'),42);
Insert into SCHOOL.ECLASS_PDS_BBS (ECLASS_PDS_BBS_SEQ,REF,STEP,DEPTH,USER_ID,TITLE,CONTENT,READCOUNT,FILENAME,ORG_FILENAME,STATUS,WDATE,SDATE,EDATE,SUB_SEQ) values (65,10,0,0,'jiyuns','asdf','adsf',0,'-1','-1',0,to_date('17/10/12','RR/MM/DD'),to_date('17/10/12','RR/MM/DD'),to_date('17/10/12','RR/MM/DD'),42);
Insert into SCHOOL.ECLASS_PDS_BBS (ECLASS_PDS_BBS_SEQ,REF,STEP,DEPTH,USER_ID,TITLE,CONTENT,READCOUNT,FILENAME,ORG_FILENAME,STATUS,WDATE,SDATE,EDATE,SUB_SEQ) values (66,11,0,0,'jiyuns','123','1234',0,'-1','-1',0,to_date('17/10/12','RR/MM/DD'),to_date('17/10/12','RR/MM/DD'),to_date('17/10/12','RR/MM/DD'),42);
Insert into SCHOOL.ECLASS_PDS_BBS (ECLASS_PDS_BBS_SEQ,REF,STEP,DEPTH,USER_ID,TITLE,CONTENT,READCOUNT,FILENAME,ORG_FILENAME,STATUS,WDATE,SDATE,EDATE,SUB_SEQ) values (67,12,0,0,'jiyuns','71','17',0,'-1','-1',0,to_date('17/10/12','RR/MM/DD'),to_date('17/10/12','RR/MM/DD'),to_date('17/10/12','RR/MM/DD'),42);
Insert into SCHOOL.ECLASS_PDS_BBS (ECLASS_PDS_BBS_SEQ,REF,STEP,DEPTH,USER_ID,TITLE,CONTENT,READCOUNT,FILENAME,ORG_FILENAME,STATUS,WDATE,SDATE,EDATE,SUB_SEQ) values (56,1,0,0,'jiyuns','1234','1234',0,'KakaoTalk_20170907_021355516.png','KakaoTalk_20170907_021355516.png',0,to_date('17/10/12','RR/MM/DD'),to_date('17/10/12','RR/MM/DD'),to_date('17/10/12','RR/MM/DD'),42);
Insert into SCHOOL.ECLASS_PDS_BBS (ECLASS_PDS_BBS_SEQ,REF,STEP,DEPTH,USER_ID,TITLE,CONTENT,READCOUNT,FILENAME,ORG_FILENAME,STATUS,WDATE,SDATE,EDATE,SUB_SEQ) values (68,13,0,0,'jiyuns','1','1',0,'-1','-1',0,to_date('17/10/12','RR/MM/DD'),to_date('17/10/12','RR/MM/DD'),to_date('17/10/12','RR/MM/DD'),42);
Insert into SCHOOL.ECLASS_PDS_BBS (ECLASS_PDS_BBS_SEQ,REF,STEP,DEPTH,USER_ID,TITLE,CONTENT,READCOUNT,FILENAME,ORG_FILENAME,STATUS,WDATE,SDATE,EDATE,SUB_SEQ) values (69,14,0,0,'jiyuns','1253','1235',0,'-1','-1',0,to_date('17/10/12','RR/MM/DD'),to_date('17/10/12','RR/MM/DD'),to_date('17/10/17','RR/MM/DD'),42);
Insert into SCHOOL.ECLASS_PDS_BBS (ECLASS_PDS_BBS_SEQ,REF,STEP,DEPTH,USER_ID,TITLE,CONTENT,READCOUNT,FILENAME,ORG_FILENAME,STATUS,WDATE,SDATE,EDATE,SUB_SEQ) values (70,15,0,0,'jiyuns','llllllllllll','lllllllllllll',0,'-1','-1',0,to_date('17/10/12','RR/MM/DD'),to_date('17/10/12','RR/MM/DD'),to_date('17/10/12','RR/MM/DD'),42);
Insert into SCHOOL.ECLASS_PDS_BBS (ECLASS_PDS_BBS_SEQ,REF,STEP,DEPTH,USER_ID,TITLE,CONTENT,READCOUNT,FILENAME,ORG_FILENAME,STATUS,WDATE,SDATE,EDATE,SUB_SEQ) values (71,16,0,0,'jiyuns','7878','78',0,'-1','-1',0,to_date('17/10/12','RR/MM/DD'),to_date('17/10/12','RR/MM/DD'),to_date('17/10/12','RR/MM/DD'),42);
Insert into SCHOOL.ECLASS_PDS_BBS (ECLASS_PDS_BBS_SEQ,REF,STEP,DEPTH,USER_ID,TITLE,CONTENT,READCOUNT,FILENAME,ORG_FILENAME,STATUS,WDATE,SDATE,EDATE,SUB_SEQ) values (72,17,0,0,'jiyuns','7878xzcxzc','zxcxzc',0,'-1','-1',0,to_date('17/10/12','RR/MM/DD'),to_date('17/10/12','RR/MM/DD'),to_date('17/10/12','RR/MM/DD'),42);
Insert into SCHOOL.ECLASS_PDS_BBS (ECLASS_PDS_BBS_SEQ,REF,STEP,DEPTH,USER_ID,TITLE,CONTENT,READCOUNT,FILENAME,ORG_FILENAME,STATUS,WDATE,SDATE,EDATE,SUB_SEQ) values (73,18,0,0,'jiyuns','vv','vv',0,'-1','-1',0,to_date('17/10/12','RR/MM/DD'),to_date('17/10/12','RR/MM/DD'),to_date('17/10/12','RR/MM/DD'),42);
Insert into SCHOOL.ECLASS_PDS_BBS (ECLASS_PDS_BBS_SEQ,REF,STEP,DEPTH,USER_ID,TITLE,CONTENT,READCOUNT,FILENAME,ORG_FILENAME,STATUS,WDATE,SDATE,EDATE,SUB_SEQ) values (74,19,0,0,'jiyuns','55','55',0,'lamp.jpg','lamp.jpg',0,to_date('17/10/12','RR/MM/DD'),to_date('17/10/12','RR/MM/DD'),to_date('17/10/12','RR/MM/DD'),42);
Insert into SCHOOL.ECLASS_PDS_BBS (ECLASS_PDS_BBS_SEQ,REF,STEP,DEPTH,USER_ID,TITLE,CONTENT,READCOUNT,FILENAME,ORG_FILENAME,STATUS,WDATE,SDATE,EDATE,SUB_SEQ) values (75,20,0,0,'jiyuns','15','15',0,'-1','-1',0,to_date('17/10/12','RR/MM/DD'),to_date('17/10/12','RR/MM/DD'),to_date('17/10/12','RR/MM/DD'),42);
Insert into SCHOOL.ECLASS_PDS_BBS (ECLASS_PDS_BBS_SEQ,REF,STEP,DEPTH,USER_ID,TITLE,CONTENT,READCOUNT,FILENAME,ORG_FILENAME,STATUS,WDATE,SDATE,EDATE,SUB_SEQ) values (76,21,0,0,'jiyuns','1235','1253',0,'-1','-1',0,to_date('17/10/12','RR/MM/DD'),to_date('17/10/12','RR/MM/DD'),to_date('17/10/12','RR/MM/DD'),42);
Insert into SCHOOL.ECLASS_PDS_BBS (ECLASS_PDS_BBS_SEQ,REF,STEP,DEPTH,USER_ID,TITLE,CONTENT,READCOUNT,FILENAME,ORG_FILENAME,STATUS,WDATE,SDATE,EDATE,SUB_SEQ) values (77,22,0,0,'jiyuns','zxc','zxc',0,'-1','-1',0,to_date('17/10/12','RR/MM/DD'),to_date('17/10/12','RR/MM/DD'),to_date('17/10/12','RR/MM/DD'),42);
Insert into SCHOOL.ECLASS_PDS_BBS (ECLASS_PDS_BBS_SEQ,REF,STEP,DEPTH,USER_ID,TITLE,CONTENT,READCOUNT,FILENAME,ORG_FILENAME,STATUS,WDATE,SDATE,EDATE,SUB_SEQ) values (78,23,0,0,'jiyuns','gdgd','gdgd',0,'-1','-1',0,to_date('17/10/12','RR/MM/DD'),to_date('17/10/12','RR/MM/DD'),to_date('17/10/12','RR/MM/DD'),3);
Insert into SCHOOL.ECLASS_PDS_BBS (ECLASS_PDS_BBS_SEQ,REF,STEP,DEPTH,USER_ID,TITLE,CONTENT,READCOUNT,FILENAME,ORG_FILENAME,STATUS,WDATE,SDATE,EDATE,SUB_SEQ) values (79,24,0,0,'jiyuns','124214','1324',0,'-1','-1',0,to_date('17/10/12','RR/MM/DD'),to_date('17/01/01','RR/MM/DD'),to_date('17/10/02','RR/MM/DD'),42);
Insert into SCHOOL.ECLASS_PDS_BBS (ECLASS_PDS_BBS_SEQ,REF,STEP,DEPTH,USER_ID,TITLE,CONTENT,READCOUNT,FILENAME,ORG_FILENAME,STATUS,WDATE,SDATE,EDATE,SUB_SEQ) values (80,25,0,0,'jiyuns','ㅋㅌㅊ','ㅋㅌㅊ',0,'-1','-1',0,to_date('17/10/12','RR/MM/DD'),to_date('17/10/12','RR/MM/DD'),to_date('17/10/12','RR/MM/DD'),42);
Insert into SCHOOL.ECLASS_PDS_BBS (ECLASS_PDS_BBS_SEQ,REF,STEP,DEPTH,USER_ID,TITLE,CONTENT,READCOUNT,FILENAME,ORG_FILENAME,STATUS,WDATE,SDATE,EDATE,SUB_SEQ) values (81,26,0,0,'jiyuns','5','5',2,'-1','-1',0,to_date('17/10/12','RR/MM/DD'),to_date('17/08/01','RR/MM/DD'),to_date('17/10/12','RR/MM/DD'),42);
Insert into SCHOOL.ECLASS_PDS_BBS (ECLASS_PDS_BBS_SEQ,REF,STEP,DEPTH,USER_ID,TITLE,CONTENT,READCOUNT,FILENAME,ORG_FILENAME,STATUS,WDATE,SDATE,EDATE,SUB_SEQ) values (82,27,0,0,'jiyuns','daffdas','adsfdafs',6,'-1','-1',0,to_date('17/10/12','RR/MM/DD'),to_date('17/10/12','RR/MM/DD'),to_date('17/10/20','RR/MM/DD'),42);
Insert into SCHOOL.ECLASS_PDS_BBS (ECLASS_PDS_BBS_SEQ,REF,STEP,DEPTH,USER_ID,TITLE,CONTENT,READCOUNT,FILENAME,ORG_FILENAME,STATUS,WDATE,SDATE,EDATE,SUB_SEQ) values (83,28,0,0,'jiyuns','zxc','zv',0,'-1','-1',0,to_date('17/10/12','RR/MM/DD'),to_date('17/10/12','RR/MM/DD'),to_date('17/10/12','RR/MM/DD'),2);
Insert into SCHOOL.ECLASS_PDS_BBS (ECLASS_PDS_BBS_SEQ,REF,STEP,DEPTH,USER_ID,TITLE,CONTENT,READCOUNT,FILENAME,ORG_FILENAME,STATUS,WDATE,SDATE,EDATE,SUB_SEQ) values (84,29,0,0,'jiyuns','88','88',0,'-1','-1',0,to_date('17/10/12','RR/MM/DD'),to_date('17/10/01','RR/MM/DD'),to_date('17/10/04','RR/MM/DD'),2);
Insert into SCHOOL.ECLASS_PDS_BBS (ECLASS_PDS_BBS_SEQ,REF,STEP,DEPTH,USER_ID,TITLE,CONTENT,READCOUNT,FILENAME,ORG_FILENAME,STATUS,WDATE,SDATE,EDATE,SUB_SEQ) values (85,30,0,0,'jiyuns','asdfasfd','asdfasdf',0,'-1','-1',0,to_date('17/10/12','RR/MM/DD'),to_date('17/10/12','RR/MM/DD'),to_date('17/10/12','RR/MM/DD'),2);
REM INSERTING into SCHOOL.MAIN_BBS
SET DEFINE OFF;
Insert into SCHOOL.MAIN_BBS (BOARD_URL,BBS_REF,BBS_REPLY,BBS_SEQ,USER_ID,BBS_TITLE,BBS_CONTENT,BBS_READCOUNT,BBS_STORED_FILENAME,BBS_ORG_FILENAME,BBS_STATUS,BBS_WDATE) values ('notice',1,'0',1,'asdf','공지 테스트1','공지 테스트1',0,'-1','-1',1,to_date('17/09/28','RR/MM/DD'));
Insert into SCHOOL.MAIN_BBS (BOARD_URL,BBS_REF,BBS_REPLY,BBS_SEQ,USER_ID,BBS_TITLE,BBS_CONTENT,BBS_READCOUNT,BBS_STORED_FILENAME,BBS_ORG_FILENAME,BBS_STATUS,BBS_WDATE) values ('자료 게시판',2,'0',2,'asdf','pds','pds 테스트',0,'-1','-1',1,to_date('17/09/28','RR/MM/DD'));
Insert into SCHOOL.MAIN_BBS (BOARD_URL,BBS_REF,BBS_REPLY,BBS_SEQ,USER_ID,BBS_TITLE,BBS_CONTENT,BBS_READCOUNT,BBS_STORED_FILENAME,BBS_ORG_FILENAME,BBS_STATUS,BBS_WDATE) values ('E001',3,'0',3,'asdf','E클래스 001','본문',0,'-1','-1',1,to_date('17/09/28','RR/MM/DD'));
Insert into SCHOOL.MAIN_BBS (BOARD_URL,BBS_REF,BBS_REPLY,BBS_SEQ,USER_ID,BBS_TITLE,BBS_CONTENT,BBS_READCOUNT,BBS_STORED_FILENAME,BBS_ORG_FILENAME,BBS_STATUS,BBS_WDATE) values ('E001',4,'0',4,'asdf','E클래스 파일 업로드','ㅁㄴㅇㄹ',0,'1506580666206_1506420031716_arrow.png','1506420031716_arrow.png',1,to_date('17/09/28','RR/MM/DD'));
Insert into SCHOOL.MAIN_BBS (BOARD_URL,BBS_REF,BBS_REPLY,BBS_SEQ,USER_ID,BBS_TITLE,BBS_CONTENT,BBS_READCOUNT,BBS_STORED_FILENAME,BBS_ORG_FILENAME,BBS_STATUS,BBS_WDATE) values ('E002',5,'0',5,'asdf','E002','E002',0,'-1','-1',1,to_date('17/09/28','RR/MM/DD'));
Insert into SCHOOL.MAIN_BBS (BOARD_URL,BBS_REF,BBS_REPLY,BBS_SEQ,USER_ID,BBS_TITLE,BBS_CONTENT,BBS_READCOUNT,BBS_STORED_FILENAME,BBS_ORG_FILENAME,BBS_STATUS,BBS_WDATE) values ('자료 게시판',6,'0',6,'asdf','asdf','asdf',0,'1506581395731_1_.jpg','1_.jpg',1,to_date('17/09/28','RR/MM/DD'));
Insert into SCHOOL.MAIN_BBS (BOARD_URL,BBS_REF,BBS_REPLY,BBS_SEQ,USER_ID,BBS_TITLE,BBS_CONTENT,BBS_READCOUNT,BBS_STORED_FILENAME,BBS_ORG_FILENAME,BBS_STATUS,BBS_WDATE) values ('pds',9,'0',9,'asdf','안녕하세요','반갑습니다',0,'-1','-1',1,to_date('17/09/28','RR/MM/DD'));
Insert into SCHOOL.MAIN_BBS (BOARD_URL,BBS_REF,BBS_REPLY,BBS_SEQ,USER_ID,BBS_TITLE,BBS_CONTENT,BBS_READCOUNT,BBS_STORED_FILENAME,BBS_ORG_FILENAME,BBS_STATUS,BBS_WDATE) values ('pds',21,'0',21,'asdf','aasdf','asdf',0,'-1','-1',1,to_date('17/09/29','RR/MM/DD'));
Insert into SCHOOL.MAIN_BBS (BOARD_URL,BBS_REF,BBS_REPLY,BBS_SEQ,USER_ID,BBS_TITLE,BBS_CONTENT,BBS_READCOUNT,BBS_STORED_FILENAME,BBS_ORG_FILENAME,BBS_STATUS,BBS_WDATE) values ('pds',22,'0',22,'asdf','asdf','asdf',0,'1506676151333_1505474101082.jpg','1505474101082.jpg',1,to_date('17/09/29','RR/MM/DD'));
Insert into SCHOOL.MAIN_BBS (BOARD_URL,BBS_REF,BBS_REPLY,BBS_SEQ,USER_ID,BBS_TITLE,BBS_CONTENT,BBS_READCOUNT,BBS_STORED_FILENAME,BBS_ORG_FILENAME,BBS_STATUS,BBS_WDATE) values ('notice',41,'0',41,'20170000','가을 단풍 축제 일정 안내입니다','올해 단풍 축제는 취소營윱求?',0,'-1','-1',1,to_date('17/10/11','RR/MM/DD'));
Insert into SCHOOL.MAIN_BBS (BOARD_URL,BBS_REF,BBS_REPLY,BBS_SEQ,USER_ID,BBS_TITLE,BBS_CONTENT,BBS_READCOUNT,BBS_STORED_FILENAME,BBS_ORG_FILENAME,BBS_STATUS,BBS_WDATE) values ('notice',42,'0',42,'9999999','하이하이','하이하이',0,'-1','-1',1,to_date('17/10/11','RR/MM/DD'));
Insert into SCHOOL.MAIN_BBS (BOARD_URL,BBS_REF,BBS_REPLY,BBS_SEQ,USER_ID,BBS_TITLE,BBS_CONTENT,BBS_READCOUNT,BBS_STORED_FILENAME,BBS_ORG_FILENAME,BBS_STATUS,BBS_WDATE) values ('notice',46,'0',46,'직원1','test','test',0,'-1','-1',1,to_date('17/10/12','RR/MM/DD'));
Insert into SCHOOL.MAIN_BBS (BOARD_URL,BBS_REF,BBS_REPLY,BBS_SEQ,USER_ID,BBS_TITLE,BBS_CONTENT,BBS_READCOUNT,BBS_STORED_FILENAME,BBS_ORG_FILENAME,BBS_STATUS,BBS_WDATE) values ('free',47,'0',47,'학생1','안녕하세요','반갑습니다',0,'-1','-1',0,to_date('17/10/12','RR/MM/DD'));
Insert into SCHOOL.MAIN_BBS (BOARD_URL,BBS_REF,BBS_REPLY,BBS_SEQ,USER_ID,BBS_TITLE,BBS_CONTENT,BBS_READCOUNT,BBS_STORED_FILENAME,BBS_ORG_FILENAME,BBS_STATUS,BBS_WDATE) values ('free',48,'0',48,'학생1','tt','tt',0,'-1','-1',0,to_date('17/10/12','RR/MM/DD'));
Insert into SCHOOL.MAIN_BBS (BOARD_URL,BBS_REF,BBS_REPLY,BBS_SEQ,USER_ID,BBS_TITLE,BBS_CONTENT,BBS_READCOUNT,BBS_STORED_FILENAME,BBS_ORG_FILENAME,BBS_STATUS,BBS_WDATE) values ('free',49,'0',49,'학생1','테스트','테스트',0,'-1','-1',1,to_date('17/10/12','RR/MM/DD'));
Insert into SCHOOL.MAIN_BBS (BOARD_URL,BBS_REF,BBS_REPLY,BBS_SEQ,USER_ID,BBS_TITLE,BBS_CONTENT,BBS_READCOUNT,BBS_STORED_FILENAME,BBS_ORG_FILENAME,BBS_STATUS,BBS_WDATE) values ('free',50,'0',50,'학생1','ㅅㄷㄴㅅ','ㅅㄷㄴㅅ',0,'1507809784868_1506420031716_arrow (1).png','1506420031716_arrow (1).png',0,to_date('17/10/12','RR/MM/DD'));
REM INSERTING into SCHOOL.MAIN_PDS_COMMENT
SET DEFINE OFF;
REM INSERTING into SCHOOL.PROFESSOR
SET DEFINE OFF;
Insert into SCHOOL.PROFESSOR (PROF_ID,PROF_NAME,PROF_REGIDATE,PROF_POSITION,PROF_ROOM,PROF_DEGREE,PROF_MAJOR) values ('88888','88888','888888','888888','888888','888888','100');
Insert into SCHOOL.PROFESSOR (PROF_ID,PROF_NAME,PROF_REGIDATE,PROF_POSITION,PROF_ROOM,PROF_DEGREE,PROF_MAJOR) values ('jiyunp','송지윤교수','17/10/10','교수','A103','박사다','100');
Insert into SCHOOL.PROFESSOR (PROF_ID,PROF_NAME,PROF_REGIDATE,PROF_POSITION,PROF_ROOM,PROF_DEGREE,PROF_MAJOR) values ('24','12344','12312321','12','12','12','100');
Insert into SCHOOL.PROFESSOR (PROF_ID,PROF_NAME,PROF_REGIDATE,PROF_POSITION,PROF_ROOM,PROF_DEGREE,PROF_MAJOR) values ('교수1','교수1','20170301','1','1','1','100');
Insert into SCHOOL.PROFESSOR (PROF_ID,PROF_NAME,PROF_REGIDATE,PROF_POSITION,PROF_ROOM,PROF_DEGREE,PROF_MAJOR) values ('교수3','교수3','20170301','1','1','1','100');
Insert into SCHOOL.PROFESSOR (PROF_ID,PROF_NAME,PROF_REGIDATE,PROF_POSITION,PROF_ROOM,PROF_DEGREE,PROF_MAJOR) values ('교수4','교수4','2','2','2','2','100');
Insert into SCHOOL.PROFESSOR (PROF_ID,PROF_NAME,PROF_REGIDATE,PROF_POSITION,PROF_ROOM,PROF_DEGREE,PROF_MAJOR) values ('교수5','교수5','2','2','2','2','국어교육과');
Insert into SCHOOL.PROFESSOR (PROF_ID,PROF_NAME,PROF_REGIDATE,PROF_POSITION,PROF_ROOM,PROF_DEGREE,PROF_MAJOR) values ('zcvadf','qerqreqwre','4124124','14124','14212421','12412414','경영학과');
REM INSERTING into SCHOOL.STUDENT
SET DEFINE OFF;
Insert into SCHOOL.STUDENT (STUDENT_ID,STUDENT_NAME,STUDENT_REGIDATE,STUDENT_TERM,STUDENT_YEAR,STUDENT_TOTAL_CREDIT,STUDENT_TERM_GRADE,STUDENT_TOTAL_GRADE,STUDENT_MAJOR,STUDENT_FIRST_MAJOR,TOTAL_SEMESTER) values ('확인','확인','20170928,,',0,2,0,0,0,'100',null,0);
Insert into SCHOOL.STUDENT (STUDENT_ID,STUDENT_NAME,STUDENT_REGIDATE,STUDENT_TERM,STUDENT_YEAR,STUDENT_TOTAL_CREDIT,STUDENT_TERM_GRADE,STUDENT_TOTAL_GRADE,STUDENT_MAJOR,STUDENT_FIRST_MAJOR,TOTAL_SEMESTER) values ('z','adf','124124',0,124124,0,0,0,'100',null,0);
Insert into SCHOOL.STUDENT (STUDENT_ID,STUDENT_NAME,STUDENT_REGIDATE,STUDENT_TERM,STUDENT_YEAR,STUDENT_TOTAL_CREDIT,STUDENT_TERM_GRADE,STUDENT_TOTAL_GRADE,STUDENT_MAJOR,STUDENT_FIRST_MAJOR,TOTAL_SEMESTER) values ('dsfzzzzzz','sdfazzzz','20170301',0,2,0,0,0,'100',null,0);
Insert into SCHOOL.STUDENT (STUDENT_ID,STUDENT_NAME,STUDENT_REGIDATE,STUDENT_TERM,STUDENT_YEAR,STUDENT_TOTAL_CREDIT,STUDENT_TERM_GRADE,STUDENT_TOTAL_GRADE,STUDENT_MAJOR,STUDENT_FIRST_MAJOR,TOTAL_SEMESTER) values ('학생1','학생1','20170301',0,1,0,0,0,'100',null,0);
Insert into SCHOOL.STUDENT (STUDENT_ID,STUDENT_NAME,STUDENT_REGIDATE,STUDENT_TERM,STUDENT_YEAR,STUDENT_TOTAL_CREDIT,STUDENT_TERM_GRADE,STUDENT_TOTAL_GRADE,STUDENT_MAJOR,STUDENT_FIRST_MAJOR,TOTAL_SEMESTER) values ('학생2','학생2','20170301',0,1,0,0,0,'100',null,0);
Insert into SCHOOL.STUDENT (STUDENT_ID,STUDENT_NAME,STUDENT_REGIDATE,STUDENT_TERM,STUDENT_YEAR,STUDENT_TOTAL_CREDIT,STUDENT_TERM_GRADE,STUDENT_TOTAL_GRADE,STUDENT_MAJOR,STUDENT_FIRST_MAJOR,TOTAL_SEMESTER) values ('학생3','학생3','20170301',0,1,0,0,0,'100',null,0);
Insert into SCHOOL.STUDENT (STUDENT_ID,STUDENT_NAME,STUDENT_REGIDATE,STUDENT_TERM,STUDENT_YEAR,STUDENT_TOTAL_CREDIT,STUDENT_TERM_GRADE,STUDENT_TOTAL_GRADE,STUDENT_MAJOR,STUDENT_FIRST_MAJOR,TOTAL_SEMESTER) values ('학생4','학생4','20170301',0,1,0,0,0,'100',null,0);
Insert into SCHOOL.STUDENT (STUDENT_ID,STUDENT_NAME,STUDENT_REGIDATE,STUDENT_TERM,STUDENT_YEAR,STUDENT_TOTAL_CREDIT,STUDENT_TERM_GRADE,STUDENT_TOTAL_GRADE,STUDENT_MAJOR,STUDENT_FIRST_MAJOR,TOTAL_SEMESTER) values ('학생6','학생6','20170301',0,1,0,0,0,'간호학과',null,0);
Insert into SCHOOL.STUDENT (STUDENT_ID,STUDENT_NAME,STUDENT_REGIDATE,STUDENT_TERM,STUDENT_YEAR,STUDENT_TOTAL_CREDIT,STUDENT_TERM_GRADE,STUDENT_TOTAL_GRADE,STUDENT_MAJOR,STUDENT_FIRST_MAJOR,TOTAL_SEMESTER) values ('학생7','학생7','12414',0,12,0,0,0,'국어국문학과','인문과학대학',0);
Insert into SCHOOL.STUDENT (STUDENT_ID,STUDENT_NAME,STUDENT_REGIDATE,STUDENT_TERM,STUDENT_YEAR,STUDENT_TOTAL_CREDIT,STUDENT_TERM_GRADE,STUDENT_TOTAL_GRADE,STUDENT_MAJOR,STUDENT_FIRST_MAJOR,TOTAL_SEMESTER) values ('정혜학생15','배정혜','20170529',0,0,0,0,0,'국어국문학과','인문과학대학',0);
Insert into SCHOOL.STUDENT (STUDENT_ID,STUDENT_NAME,STUDENT_REGIDATE,STUDENT_TERM,STUDENT_YEAR,STUDENT_TOTAL_CREDIT,STUDENT_TERM_GRADE,STUDENT_TOTAL_GRADE,STUDENT_MAJOR,STUDENT_FIRST_MAJOR,TOTAL_SEMESTER) values ('정혜학생16','배정혜','20170529',0,0,0,0,0,'국어국문학과','인문과학대학',0);
Insert into SCHOOL.STUDENT (STUDENT_ID,STUDENT_NAME,STUDENT_REGIDATE,STUDENT_TERM,STUDENT_YEAR,STUDENT_TOTAL_CREDIT,STUDENT_TERM_GRADE,STUDENT_TOTAL_GRADE,STUDENT_MAJOR,STUDENT_FIRST_MAJOR,TOTAL_SEMESTER) values ('jiyuns','송지윤','20170928',5,1,20,100,100,'항공운항과','00000학부',5);
Insert into SCHOOL.STUDENT (STUDENT_ID,STUDENT_NAME,STUDENT_REGIDATE,STUDENT_TERM,STUDENT_YEAR,STUDENT_TOTAL_CREDIT,STUDENT_TERM_GRADE,STUDENT_TOTAL_GRADE,STUDENT_MAJOR,STUDENT_FIRST_MAJOR,TOTAL_SEMESTER) values ('zccxz','zzz','zzz',0,0,0,0,0,'100',null,0);
Insert into SCHOOL.STUDENT (STUDENT_ID,STUDENT_NAME,STUDENT_REGIDATE,STUDENT_TERM,STUDENT_YEAR,STUDENT_TOTAL_CREDIT,STUDENT_TERM_GRADE,STUDENT_TOTAL_GRADE,STUDENT_MAJOR,STUDENT_FIRST_MAJOR,TOTAL_SEMESTER) values ('정혜학생17','배정혜','20170529',0,0,0,0,0,'국어국문학과','인문과학대학',0);
Insert into SCHOOL.STUDENT (STUDENT_ID,STUDENT_NAME,STUDENT_REGIDATE,STUDENT_TERM,STUDENT_YEAR,STUDENT_TOTAL_CREDIT,STUDENT_TERM_GRADE,STUDENT_TOTAL_GRADE,STUDENT_MAJOR,STUDENT_FIRST_MAJOR,TOTAL_SEMESTER) values ('정혜학생18','배정혜','20170529',0,0,0,0,0,'국어국문학과','인문과학대학',0);
Insert into SCHOOL.STUDENT (STUDENT_ID,STUDENT_NAME,STUDENT_REGIDATE,STUDENT_TERM,STUDENT_YEAR,STUDENT_TOTAL_CREDIT,STUDENT_TERM_GRADE,STUDENT_TOTAL_GRADE,STUDENT_MAJOR,STUDENT_FIRST_MAJOR,TOTAL_SEMESTER) values ('정혜학생19','배정혜','20170529',0,0,0,0,0,'국어국문학과','인문과학대학',0);
Insert into SCHOOL.STUDENT (STUDENT_ID,STUDENT_NAME,STUDENT_REGIDATE,STUDENT_TERM,STUDENT_YEAR,STUDENT_TOTAL_CREDIT,STUDENT_TERM_GRADE,STUDENT_TOTAL_GRADE,STUDENT_MAJOR,STUDENT_FIRST_MAJOR,TOTAL_SEMESTER) values ('정혜학생20','배정혜','20170529',0,0,0,0,0,'국어국문학과','인문과학대학',0);
Insert into SCHOOL.STUDENT (STUDENT_ID,STUDENT_NAME,STUDENT_REGIDATE,STUDENT_TERM,STUDENT_YEAR,STUDENT_TOTAL_CREDIT,STUDENT_TERM_GRADE,STUDENT_TOTAL_GRADE,STUDENT_MAJOR,STUDENT_FIRST_MAJOR,TOTAL_SEMESTER) values ('정혜학생21','배정혜','20170529',0,0,0,0,0,'국어국문학과','인문과학대학',0);
Insert into SCHOOL.STUDENT (STUDENT_ID,STUDENT_NAME,STUDENT_REGIDATE,STUDENT_TERM,STUDENT_YEAR,STUDENT_TOTAL_CREDIT,STUDENT_TERM_GRADE,STUDENT_TOTAL_GRADE,STUDENT_MAJOR,STUDENT_FIRST_MAJOR,TOTAL_SEMESTER) values ('정혜학생22','배정혜','20170529',0,0,0,0,0,'국어국문학과','인문과학대학',0);
Insert into SCHOOL.STUDENT (STUDENT_ID,STUDENT_NAME,STUDENT_REGIDATE,STUDENT_TERM,STUDENT_YEAR,STUDENT_TOTAL_CREDIT,STUDENT_TERM_GRADE,STUDENT_TOTAL_GRADE,STUDENT_MAJOR,STUDENT_FIRST_MAJOR,TOTAL_SEMESTER) values ('정혜학생23','배정혜','20170529',0,0,0,0,0,'국어국문학과','인문과학대학',0);
Insert into SCHOOL.STUDENT (STUDENT_ID,STUDENT_NAME,STUDENT_REGIDATE,STUDENT_TERM,STUDENT_YEAR,STUDENT_TOTAL_CREDIT,STUDENT_TERM_GRADE,STUDENT_TOTAL_GRADE,STUDENT_MAJOR,STUDENT_FIRST_MAJOR,TOTAL_SEMESTER) values ('정혜학생24','배정혜','20170529',0,0,0,0,0,'국어국문학과','인문과학대학',0);
Insert into SCHOOL.STUDENT (STUDENT_ID,STUDENT_NAME,STUDENT_REGIDATE,STUDENT_TERM,STUDENT_YEAR,STUDENT_TOTAL_CREDIT,STUDENT_TERM_GRADE,STUDENT_TOTAL_GRADE,STUDENT_MAJOR,STUDENT_FIRST_MAJOR,TOTAL_SEMESTER) values ('정혜학생25','배정혜','20170529',0,0,0,0,0,'국어국문학과','인문과학대학',0);
Insert into SCHOOL.STUDENT (STUDENT_ID,STUDENT_NAME,STUDENT_REGIDATE,STUDENT_TERM,STUDENT_YEAR,STUDENT_TOTAL_CREDIT,STUDENT_TERM_GRADE,STUDENT_TOTAL_GRADE,STUDENT_MAJOR,STUDENT_FIRST_MAJOR,TOTAL_SEMESTER) values ('정혜학생26','배정혜','20170529',0,0,0,0,0,'국어국문학과','인문과학대학',0);
Insert into SCHOOL.STUDENT (STUDENT_ID,STUDENT_NAME,STUDENT_REGIDATE,STUDENT_TERM,STUDENT_YEAR,STUDENT_TOTAL_CREDIT,STUDENT_TERM_GRADE,STUDENT_TOTAL_GRADE,STUDENT_MAJOR,STUDENT_FIRST_MAJOR,TOTAL_SEMESTER) values ('정혜학생27','배정혜','20170529',0,0,0,0,0,'국어국문학과','인문과학대학',0);
Insert into SCHOOL.STUDENT (STUDENT_ID,STUDENT_NAME,STUDENT_REGIDATE,STUDENT_TERM,STUDENT_YEAR,STUDENT_TOTAL_CREDIT,STUDENT_TERM_GRADE,STUDENT_TOTAL_GRADE,STUDENT_MAJOR,STUDENT_FIRST_MAJOR,TOTAL_SEMESTER) values ('정혜학생28','배정혜','20170529',0,0,0,0,0,'국어국문학과','인문과학대학',0);
Insert into SCHOOL.STUDENT (STUDENT_ID,STUDENT_NAME,STUDENT_REGIDATE,STUDENT_TERM,STUDENT_YEAR,STUDENT_TOTAL_CREDIT,STUDENT_TERM_GRADE,STUDENT_TOTAL_GRADE,STUDENT_MAJOR,STUDENT_FIRST_MAJOR,TOTAL_SEMESTER) values ('정혜100','배정혜','20170529',0,0,0,0,0,'국어국문학과','인문과학대학',0);
Insert into SCHOOL.STUDENT (STUDENT_ID,STUDENT_NAME,STUDENT_REGIDATE,STUDENT_TERM,STUDENT_YEAR,STUDENT_TOTAL_CREDIT,STUDENT_TERM_GRADE,STUDENT_TOTAL_GRADE,STUDENT_MAJOR,STUDENT_FIRST_MAJOR,TOTAL_SEMESTER) values ('정혜101','배정혜','20170529',0,0,0,0,0,'국어국문학과','인문과학대학',0);
Insert into SCHOOL.STUDENT (STUDENT_ID,STUDENT_NAME,STUDENT_REGIDATE,STUDENT_TERM,STUDENT_YEAR,STUDENT_TOTAL_CREDIT,STUDENT_TERM_GRADE,STUDENT_TOTAL_GRADE,STUDENT_MAJOR,STUDENT_FIRST_MAJOR,TOTAL_SEMESTER) values ('정혜102','배정혜','20170529',0,0,0,0,0,'국어국문학과','인문과학대학',0);
Insert into SCHOOL.STUDENT (STUDENT_ID,STUDENT_NAME,STUDENT_REGIDATE,STUDENT_TERM,STUDENT_YEAR,STUDENT_TOTAL_CREDIT,STUDENT_TERM_GRADE,STUDENT_TOTAL_GRADE,STUDENT_MAJOR,STUDENT_FIRST_MAJOR,TOTAL_SEMESTER) values ('정혜103','배정혜','20170529',0,0,0,0,0,'국어국문학과','인문과학대학',0);
Insert into SCHOOL.STUDENT (STUDENT_ID,STUDENT_NAME,STUDENT_REGIDATE,STUDENT_TERM,STUDENT_YEAR,STUDENT_TOTAL_CREDIT,STUDENT_TERM_GRADE,STUDENT_TOTAL_GRADE,STUDENT_MAJOR,STUDENT_FIRST_MAJOR,TOTAL_SEMESTER) values ('정혜104','배정혜','20170529',0,0,0,0,0,'국어국문학과','인문과학대학',0);
Insert into SCHOOL.STUDENT (STUDENT_ID,STUDENT_NAME,STUDENT_REGIDATE,STUDENT_TERM,STUDENT_YEAR,STUDENT_TOTAL_CREDIT,STUDENT_TERM_GRADE,STUDENT_TOTAL_GRADE,STUDENT_MAJOR,STUDENT_FIRST_MAJOR,TOTAL_SEMESTER) values ('정혜105','배정혜','20170529',0,0,0,0,0,'국어국문학과','인문과학대학',0);
Insert into SCHOOL.STUDENT (STUDENT_ID,STUDENT_NAME,STUDENT_REGIDATE,STUDENT_TERM,STUDENT_YEAR,STUDENT_TOTAL_CREDIT,STUDENT_TERM_GRADE,STUDENT_TOTAL_GRADE,STUDENT_MAJOR,STUDENT_FIRST_MAJOR,TOTAL_SEMESTER) values ('123zzz','zzzz','124141',0,1,0,0,0,'사회복지학과','사회과학대학',null);
Insert into SCHOOL.STUDENT (STUDENT_ID,STUDENT_NAME,STUDENT_REGIDATE,STUDENT_TERM,STUDENT_YEAR,STUDENT_TOTAL_CREDIT,STUDENT_TERM_GRADE,STUDENT_TOTAL_GRADE,STUDENT_MAJOR,STUDENT_FIRST_MAJOR,TOTAL_SEMESTER) values ('124','124124','124',0,1,0,0,0,'유아교육학과','인문과학대학',null);
REM INSERTING into SCHOOL.SUBJECT
SET DEFINE OFF;
Insert into SCHOOL.SUBJECT (SUB_SEQ,SUB_CATEGORY,MAJOR_NUMBER,SUB_GRADE,SUB_SEMESTER,SUB_NAME,PROFESSOR_ID,PROFESSOR_NAME,SUB_INFO,SUB_ROOM,SUB_WEEK,SUB_S_CLASS,SUB_E_CLASS,SUB_MAX_STUDENT,SUB_NOW_STUDENT,SUB_POINT,SUB_REF,SUB_PARENT,SUB_STATUS) values (1,'100','100',3,2,'DB정복','asdf','윤필용','FUN DB','A','금',4,7,50,34,3,1,0,'개강');
Insert into SCHOOL.SUBJECT (SUB_SEQ,SUB_CATEGORY,MAJOR_NUMBER,SUB_GRADE,SUB_SEMESTER,SUB_NAME,PROFESSOR_ID,PROFESSOR_NAME,SUB_INFO,SUB_ROOM,SUB_WEEK,SUB_S_CLASS,SUB_E_CLASS,SUB_MAX_STUDENT,SUB_NOW_STUDENT,SUB_POINT,SUB_REF,SUB_PARENT,SUB_STATUS) values (2,'100','300',3,1,'JAVA를 JAVA라','asdf','윤필용','OH YEAH','A','금',4,6,50,25,3,2,0,'개강');
Insert into SCHOOL.SUBJECT (SUB_SEQ,SUB_CATEGORY,MAJOR_NUMBER,SUB_GRADE,SUB_SEMESTER,SUB_NAME,PROFESSOR_ID,PROFESSOR_NAME,SUB_INFO,SUB_ROOM,SUB_WEEK,SUB_S_CLASS,SUB_E_CLASS,SUB_MAX_STUDENT,SUB_NOW_STUDENT,SUB_POINT,SUB_REF,SUB_PARENT,SUB_STATUS) values (3,'200','200',3,1,'니하오','asdf','윤필용','중국어','C','수',7,9,50,5,2,3,0,'개강');
Insert into SCHOOL.SUBJECT (SUB_SEQ,SUB_CATEGORY,MAJOR_NUMBER,SUB_GRADE,SUB_SEMESTER,SUB_NAME,PROFESSOR_ID,PROFESSOR_NAME,SUB_INFO,SUB_ROOM,SUB_WEEK,SUB_S_CLASS,SUB_E_CLASS,SUB_MAX_STUDENT,SUB_NOW_STUDENT,SUB_POINT,SUB_REF,SUB_PARENT,SUB_STATUS) values (4,'200','100',3,2,'사물놀이','jiyunp','송지윤교수','재미있는 사물놀이','E','금',4,7,50,35,3,4,0,'개강');
Insert into SCHOOL.SUBJECT (SUB_SEQ,SUB_CATEGORY,MAJOR_NUMBER,SUB_GRADE,SUB_SEMESTER,SUB_NAME,PROFESSOR_ID,PROFESSOR_NAME,SUB_INFO,SUB_ROOM,SUB_WEEK,SUB_S_CLASS,SUB_E_CLASS,SUB_MAX_STUDENT,SUB_NOW_STUDENT,SUB_POINT,SUB_REF,SUB_PARENT,SUB_STATUS) values (43,'100','100',2,2,'삶과 우주','교수1','교수1','삶과 우주 그리고 42','R502','화',2,3,40,0,2,10,0,'개강');
Insert into SCHOOL.SUBJECT (SUB_SEQ,SUB_CATEGORY,MAJOR_NUMBER,SUB_GRADE,SUB_SEMESTER,SUB_NAME,PROFESSOR_ID,PROFESSOR_NAME,SUB_INFO,SUB_ROOM,SUB_WEEK,SUB_S_CLASS,SUB_E_CLASS,SUB_MAX_STUDENT,SUB_NOW_STUDENT,SUB_POINT,SUB_REF,SUB_PARENT,SUB_STATUS) values (6,'200','100',3,2,'풍물놀이','jiyunp','송지윤교수','재미있는 풍물놀이','E','금',4,7,50,27,3,6,0,'개강');
Insert into SCHOOL.SUBJECT (SUB_SEQ,SUB_CATEGORY,MAJOR_NUMBER,SUB_GRADE,SUB_SEMESTER,SUB_NAME,PROFESSOR_ID,PROFESSOR_NAME,SUB_INFO,SUB_ROOM,SUB_WEEK,SUB_S_CLASS,SUB_E_CLASS,SUB_MAX_STUDENT,SUB_NOW_STUDENT,SUB_POINT,SUB_REF,SUB_PARENT,SUB_STATUS) values (7,'200','asdf',1,1,'dDD','asdf','asdf','DD','DDDD','화',3,7,40,0,2,7,0,'개강');
Insert into SCHOOL.SUBJECT (SUB_SEQ,SUB_CATEGORY,MAJOR_NUMBER,SUB_GRADE,SUB_SEMESTER,SUB_NAME,PROFESSOR_ID,PROFESSOR_NAME,SUB_INFO,SUB_ROOM,SUB_WEEK,SUB_S_CLASS,SUB_E_CLASS,SUB_MAX_STUDENT,SUB_NOW_STUDENT,SUB_POINT,SUB_REF,SUB_PARENT,SUB_STATUS) values (8,'100','100',3,2,'DB정복','asdf','윤필용','FUN DB','A','월',3,3,0,0,3,1,3,'개강');
Insert into SCHOOL.SUBJECT (SUB_SEQ,SUB_CATEGORY,MAJOR_NUMBER,SUB_GRADE,SUB_SEMESTER,SUB_NAME,PROFESSOR_ID,PROFESSOR_NAME,SUB_INFO,SUB_ROOM,SUB_WEEK,SUB_S_CLASS,SUB_E_CLASS,SUB_MAX_STUDENT,SUB_NOW_STUDENT,SUB_POINT,SUB_REF,SUB_PARENT,SUB_STATUS) values (24,'100','100',1,1,'dd','asdf','윤필용','d','dd','월',1,1,0,0,2,9,0,'개강');
Insert into SCHOOL.SUBJECT (SUB_SEQ,SUB_CATEGORY,MAJOR_NUMBER,SUB_GRADE,SUB_SEMESTER,SUB_NAME,PROFESSOR_ID,PROFESSOR_NAME,SUB_INFO,SUB_ROOM,SUB_WEEK,SUB_S_CLASS,SUB_E_CLASS,SUB_MAX_STUDENT,SUB_NOW_STUDENT,SUB_POINT,SUB_REF,SUB_PARENT,SUB_STATUS) values (41,'100','300',1,1,'정혜1','교수1','교수1','hihi','U80','금',4,6,50,25,3,2,0,'개강');
Insert into SCHOOL.SUBJECT (SUB_SEQ,SUB_CATEGORY,MAJOR_NUMBER,SUB_GRADE,SUB_SEMESTER,SUB_NAME,PROFESSOR_ID,PROFESSOR_NAME,SUB_INFO,SUB_ROOM,SUB_WEEK,SUB_S_CLASS,SUB_E_CLASS,SUB_MAX_STUDENT,SUB_NOW_STUDENT,SUB_POINT,SUB_REF,SUB_PARENT,SUB_STATUS) values (11,'100','asdf',3,1,'이번엔될거지','asdf','asdf','ㅇㅇ제발','ㅇㅇㅇ','화',3,5,80,0,3,8,0,'개강');
Insert into SCHOOL.SUBJECT (SUB_SEQ,SUB_CATEGORY,MAJOR_NUMBER,SUB_GRADE,SUB_SEMESTER,SUB_NAME,PROFESSOR_ID,PROFESSOR_NAME,SUB_INFO,SUB_ROOM,SUB_WEEK,SUB_S_CLASS,SUB_E_CLASS,SUB_MAX_STUDENT,SUB_NOW_STUDENT,SUB_POINT,SUB_REF,SUB_PARENT,SUB_STATUS) values (42,'100','300',1,1,'정혜2','교수1','교수1','hihi','U80','금',4,6,50,25,3,2,0,'개강');
Insert into SCHOOL.SUBJECT (SUB_SEQ,SUB_CATEGORY,MAJOR_NUMBER,SUB_GRADE,SUB_SEMESTER,SUB_NAME,PROFESSOR_ID,PROFESSOR_NAME,SUB_INFO,SUB_ROOM,SUB_WEEK,SUB_S_CLASS,SUB_E_CLASS,SUB_MAX_STUDENT,SUB_NOW_STUDENT,SUB_POINT,SUB_REF,SUB_PARENT,SUB_STATUS) values (63,'100','100',2,2,'삶과 우주','교수1','교수1','삶과 우주 그리고 42','R502','월',1,2,0,0,2,10,43,'개강');
REM INSERTING into SCHOOL.USERS
SET DEFINE OFF;
Insert into SCHOOL.USERS (USER_ID,USER_PW,USER_NAME,USER_EMAIL,USER_PHONE,USER_ADDRESS,USER_BIRTH,USER_AUTH,USER_STATUS,USER_PHOTO) values ('asdf','asdf','윤필용','asdf','asdf','asdf','asdf','200','1',null);
Insert into SCHOOL.USERS (USER_ID,USER_PW,USER_NAME,USER_EMAIL,USER_PHONE,USER_ADDRESS,USER_BIRTH,USER_AUTH,USER_STATUS,USER_PHOTO) values ('jiyuns','a','송지윤학생','jiyun@email','010-123-4567','화성인','19940526','100','재학','ohyeah.jpg');
Insert into SCHOOL.USERS (USER_ID,USER_PW,USER_NAME,USER_EMAIL,USER_PHONE,USER_ADDRESS,USER_BIRTH,USER_AUTH,USER_STATUS,USER_PHOTO) values ('jiyunp','a','송지윤교수','jiyunp@email','010-123-4567','화성인','19940526','200','1',null);
Insert into SCHOOL.USERS (USER_ID,USER_PW,USER_NAME,USER_EMAIL,USER_PHONE,USER_ADDRESS,USER_BIRTH,USER_AUTH,USER_STATUS,USER_PHOTO) values ('ㅋㅌㅊㅍ','ㅋㅌㅊㅍ','ㅋㅊㅌㅍ','ㅋㅌㅊㅍ','01023141241','경기 성남시 분당구 판교역로 235 (삼평동)ㅋㅋㅋㅋ','19610102','100','100',null);
Insert into SCHOOL.USERS (USER_ID,USER_PW,USER_NAME,USER_EMAIL,USER_PHONE,USER_ADDRESS,USER_BIRTH,USER_AUTH,USER_STATUS,USER_PHOTO) values ('111111','111111','111111','vuiuv@naver.com','01057558647','경기 성남시 분당구 양현로 14 (서현동)ㅋ','19610203','100','100',null);
Insert into SCHOOL.USERS (USER_ID,USER_PW,USER_NAME,USER_EMAIL,USER_PHONE,USER_ADDRESS,USER_BIRTH,USER_AUTH,USER_STATUS,USER_PHOTO) values ('2007','123','문성환','mun497@gmail.com','01022654988','서울 서초구 강남대로 241 (서초동)','19890221','100','100',null);
Insert into SCHOOL.USERS (USER_ID,USER_PW,USER_NAME,USER_EMAIL,USER_PHONE,USER_ADDRESS,USER_BIRTH,USER_AUTH,USER_STATUS,USER_PHOTO) values ('11','11','11','11','01057558647','경기 성남시 분당구 양현로 254 (야탑동, 탑마을쌍용아파트)ㅋㅋㅋ','19610203','100','100',null);
Insert into SCHOOL.USERS (USER_ID,USER_PW,USER_NAME,USER_EMAIL,USER_PHONE,USER_ADDRESS,USER_BIRTH,USER_AUTH,USER_STATUS,USER_PHOTO) values ('2124','124','124','ㅁㄴㅇㄹㅇㄹ','01021411241','경기 성남시 분당구 양현로 254 (야탑동, 탑마을쌍용아파트)ㅋ','19770101','100','100',null);
Insert into SCHOOL.USERS (USER_ID,USER_PW,USER_NAME,USER_EMAIL,USER_PHONE,USER_ADDRESS,USER_BIRTH,USER_AUTH,USER_STATUS,USER_PHOTO) values ('asdfaadf','asdfdsadfs','asdfsafsdf','asdfsdfsdf','01023451412','경기 성남시 분당구 양현로 254 (야탑동, 탑마을쌍용아파트)ㅁㄹㄴㅇㄹ','19780119','100','100',null);
Insert into SCHOOL.USERS (USER_ID,USER_PW,USER_NAME,USER_EMAIL,USER_PHONE,USER_ADDRESS,USER_BIRTH,USER_AUTH,USER_STATUS,USER_PHOTO) values ('113','1234','1234','1234','01012311231','경기 성남시 분당구 양현로 254 (야탑동, 탑마을쌍용아파트)123','19780120','100','100',null);
Insert into SCHOOL.USERS (USER_ID,USER_PW,USER_NAME,USER_EMAIL,USER_PHONE,USER_ADDRESS,USER_BIRTH,USER_AUTH,USER_STATUS,USER_PHOTO) values ('123','123','문성환','mun497@gmail.com','01012342345','경기 성남시 분당구 판교역로 4 (백현동)','19600101','100','100',null);
Insert into SCHOOL.USERS (USER_ID,USER_PW,USER_NAME,USER_EMAIL,USER_PHONE,USER_ADDRESS,USER_BIRTH,USER_AUTH,USER_STATUS,USER_PHOTO) values ('123456789','d','송지윤간호원','email','010123123','서울 강남구 압구정로 113 (압구정동, 미성아파트)aaaa','19750318','100','100',null);
Insert into SCHOOL.USERS (USER_ID,USER_PW,USER_NAME,USER_EMAIL,USER_PHONE,USER_ADDRESS,USER_BIRTH,USER_AUTH,USER_STATUS,USER_PHOTO) values ('12341234aa','123','aaa','124124','01012431231','경기 성남시 분당구 양현로 254 (야탑동, 탑마을쌍용아파트)ㅁㄴㅇㄹ','19780120','100','100',null);
Insert into SCHOOL.USERS (USER_ID,USER_PW,USER_NAME,USER_EMAIL,USER_PHONE,USER_ADDRESS,USER_BIRTH,USER_AUTH,USER_STATUS,USER_PHOTO) values ('24','23','12344','1234','01012311231','경기 성남시 분당구 양현로 254 (야탑동, 탑마을쌍용아파트)123','19780120','200','100',null);
Insert into SCHOOL.USERS (USER_ID,USER_PW,USER_NAME,USER_EMAIL,USER_PHONE,USER_ADDRESS,USER_BIRTH,USER_AUTH,USER_STATUS,USER_PHOTO) values ('교수1','교수1','교수1','vuiuv@naver.com','01057558647','경기 성남시 분당구 양현로 254 (야탑동, 탑마을쌍용아파트)111','19610203','200','100',null);
Insert into SCHOOL.USERS (USER_ID,USER_PW,USER_NAME,USER_EMAIL,USER_PHONE,USER_ADDRESS,USER_BIRTH,USER_AUTH,USER_STATUS,USER_PHOTO) values ('교직원1','교직원1','교직원1','vuiuv@naver.com','01057558647','경기 성남시 분당구 양현로 254 (야탑동, 탑마을쌍용아파트)1111111','19610203','300','100',null);
Insert into SCHOOL.USERS (USER_ID,USER_PW,USER_NAME,USER_EMAIL,USER_PHONE,USER_ADDRESS,USER_BIRTH,USER_AUTH,USER_STATUS,USER_PHOTO) values ('학생2','학생2','학생2','vuiuv@naver.com','01057558647','경기 성남시 분당구 양현로 254 (야탑동, 탑마을쌍용아파트)ㅎ','19610203','100','100',null);
Insert into SCHOOL.USERS (USER_ID,USER_PW,USER_NAME,USER_EMAIL,USER_PHONE,USER_ADDRESS,USER_BIRTH,USER_AUTH,USER_STATUS,USER_PHOTO) values ('학생3','학생3','학생3','vuiuv@naver.com','01057558647','경기 성남시 분당구 양현로 254 (야탑동, 탑마을쌍용아파트)ㅎㅎ','19610203','100','100',null);
Insert into SCHOOL.USERS (USER_ID,USER_PW,USER_NAME,USER_EMAIL,USER_PHONE,USER_ADDRESS,USER_BIRTH,USER_AUTH,USER_STATUS,USER_PHOTO) values ('학생4','학생4','학생4','vuiuv@naver.com','01057558647','경기 성남시 분당구 양현로 254 (야탑동, 탑마을쌍용아파트)ㅎㅀ','19610203','100','100',null);
Insert into SCHOOL.USERS (USER_ID,USER_PW,USER_NAME,USER_EMAIL,USER_PHONE,USER_ADDRESS,USER_BIRTH,USER_AUTH,USER_STATUS,USER_PHOTO) values ('학생6','학생6','학생6','vuiuv@naver.com','01057458647','11','19600102','100','100',null);
Insert into SCHOOL.USERS (USER_ID,USER_PW,USER_NAME,USER_EMAIL,USER_PHONE,USER_ADDRESS,USER_BIRTH,USER_AUTH,USER_STATUS,USER_PHOTO) values ('교수3','교수3','교수3','vuiuv@naver.com','01057558647','11','19610203','200','100',null);
Insert into SCHOOL.USERS (USER_ID,USER_PW,USER_NAME,USER_EMAIL,USER_PHONE,USER_ADDRESS,USER_BIRTH,USER_AUTH,USER_STATUS,USER_PHOTO) values ('교수4','교수4','교수4','vuiuv@naver.com','01057558647','22','19610203','200','100',null);
Insert into SCHOOL.USERS (USER_ID,USER_PW,USER_NAME,USER_EMAIL,USER_PHONE,USER_ADDRESS,USER_BIRTH,USER_AUTH,USER_STATUS,USER_PHOTO) values ('교수5','교수5','교수5','vuiuv@naver.com','01057558647','22','19610203','200','100',null);
Insert into SCHOOL.USERS (USER_ID,USER_PW,USER_NAME,USER_EMAIL,USER_PHONE,USER_ADDRESS,USER_BIRTH,USER_AUTH,USER_STATUS,USER_PHOTO) values ('직원1','직원1','직원1','vuiuv@naver.com','01057558647','11','19760201','300','100',null);
Insert into SCHOOL.USERS (USER_ID,USER_PW,USER_NAME,USER_EMAIL,USER_PHONE,USER_ADDRESS,USER_BIRTH,USER_AUTH,USER_STATUS,USER_PHOTO) values ('학생7','학생7','학생7','vuiuv@naver.com','01057558647','124214','19610203','100','100',null);
Insert into SCHOOL.USERS (USER_ID,USER_PW,USER_NAME,USER_EMAIL,USER_PHONE,USER_ADDRESS,USER_BIRTH,USER_AUTH,USER_STATUS,USER_PHOTO) values ('정혜학생15','0000','배정혜','vuiuv@naver.com','01057558647','주소','920529','100','100',null);
Insert into SCHOOL.USERS (USER_ID,USER_PW,USER_NAME,USER_EMAIL,USER_PHONE,USER_ADDRESS,USER_BIRTH,USER_AUTH,USER_STATUS,USER_PHOTO) values ('정혜학생16','0000','배정혜','vuiuv@naver.com','01057558648','주소','920529','100','100',null);
Insert into SCHOOL.USERS (USER_ID,USER_PW,USER_NAME,USER_EMAIL,USER_PHONE,USER_ADDRESS,USER_BIRTH,USER_AUTH,USER_STATUS,USER_PHOTO) values ('정혜학생17','0000','배정혜','vuiuv@naver.com','01057558649','주소','920529','100','100',null);
Insert into SCHOOL.USERS (USER_ID,USER_PW,USER_NAME,USER_EMAIL,USER_PHONE,USER_ADDRESS,USER_BIRTH,USER_AUTH,USER_STATUS,USER_PHOTO) values ('정혜학생18','0000','배정혜','vuiuv@naver.com','01057558650','주소','920529','100','100',null);
Insert into SCHOOL.USERS (USER_ID,USER_PW,USER_NAME,USER_EMAIL,USER_PHONE,USER_ADDRESS,USER_BIRTH,USER_AUTH,USER_STATUS,USER_PHOTO) values ('정혜학생19','0000','배정혜','vuiuv@naver.com','01057558651','주소','920529','100','100',null);
Insert into SCHOOL.USERS (USER_ID,USER_PW,USER_NAME,USER_EMAIL,USER_PHONE,USER_ADDRESS,USER_BIRTH,USER_AUTH,USER_STATUS,USER_PHOTO) values ('정혜학생20','0000','배정혜','vuiuv@naver.com','01057558652','주소','920529','100','100',null);
Insert into SCHOOL.USERS (USER_ID,USER_PW,USER_NAME,USER_EMAIL,USER_PHONE,USER_ADDRESS,USER_BIRTH,USER_AUTH,USER_STATUS,USER_PHOTO) values ('정혜학생21','0000','배정혜','vuiuv@naver.com','01057558653','주소','920529','100','100',null);
Insert into SCHOOL.USERS (USER_ID,USER_PW,USER_NAME,USER_EMAIL,USER_PHONE,USER_ADDRESS,USER_BIRTH,USER_AUTH,USER_STATUS,USER_PHOTO) values ('정혜학생22','0000','배정혜','vuiuv@naver.com','01057558654','주소','920529','100','100',null);
Insert into SCHOOL.USERS (USER_ID,USER_PW,USER_NAME,USER_EMAIL,USER_PHONE,USER_ADDRESS,USER_BIRTH,USER_AUTH,USER_STATUS,USER_PHOTO) values ('정혜학생23','0000','배정혜','vuiuv@naver.com','01057558655','주소','920529','100','100',null);
Insert into SCHOOL.USERS (USER_ID,USER_PW,USER_NAME,USER_EMAIL,USER_PHONE,USER_ADDRESS,USER_BIRTH,USER_AUTH,USER_STATUS,USER_PHOTO) values ('정혜학생24','0000','배정혜','vuiuv@naver.com','01057558656','주소','920529','100','100',null);
Insert into SCHOOL.USERS (USER_ID,USER_PW,USER_NAME,USER_EMAIL,USER_PHONE,USER_ADDRESS,USER_BIRTH,USER_AUTH,USER_STATUS,USER_PHOTO) values ('정혜학생25','0000','배정혜','vuiuv@naver.com','01057558657','주소','920529','100','100',null);
Insert into SCHOOL.USERS (USER_ID,USER_PW,USER_NAME,USER_EMAIL,USER_PHONE,USER_ADDRESS,USER_BIRTH,USER_AUTH,USER_STATUS,USER_PHOTO) values ('정혜학생26','0000','배정혜','vuiuv@naver.com','01057558658','주소','920529','100','100',null);
Insert into SCHOOL.USERS (USER_ID,USER_PW,USER_NAME,USER_EMAIL,USER_PHONE,USER_ADDRESS,USER_BIRTH,USER_AUTH,USER_STATUS,USER_PHOTO) values ('정혜학생27','0000','배정혜','vuiuv@naver.com','01057558659','주소','920529','100','100',null);
Insert into SCHOOL.USERS (USER_ID,USER_PW,USER_NAME,USER_EMAIL,USER_PHONE,USER_ADDRESS,USER_BIRTH,USER_AUTH,USER_STATUS,USER_PHOTO) values ('정혜학생28','0000','배정혜','vuiuv@naver.com','01057558660','주소','920529','100','100',null);
Insert into SCHOOL.USERS (USER_ID,USER_PW,USER_NAME,USER_EMAIL,USER_PHONE,USER_ADDRESS,USER_BIRTH,USER_AUTH,USER_STATUS,USER_PHOTO) values ('zccxz','zzzz','zzz','azzz','01057558647','경기 성남시 분당구 양현로 254 (야탑동, 탑마을쌍용아파트)ㅋㅋㅋㅋㅋㅋㅋㅋ','19600302','100','100',null);
Insert into SCHOOL.USERS (USER_ID,USER_PW,USER_NAME,USER_EMAIL,USER_PHONE,USER_ADDRESS,USER_BIRTH,USER_AUTH,USER_STATUS,USER_PHOTO) values ('확인','확인','확인','vuiuv@naver.com','01057558647','경기 성남시 분당구 판교역로 235 (삼평동)ㅋㅋㅋ','19610103','100','100',null);
Insert into SCHOOL.USERS (USER_ID,USER_PW,USER_NAME,USER_EMAIL,USER_PHONE,USER_ADDRESS,USER_BIRTH,USER_AUTH,USER_STATUS,USER_PHOTO) values ('z','adf','adf','adfasdf','01012341242','경기 성남시 분당구 양현로 254 (야탑동, 탑마을쌍용아파트)ㅁㄴㅇㄹ','19771219','100','100',null);
Insert into SCHOOL.USERS (USER_ID,USER_PW,USER_NAME,USER_EMAIL,USER_PHONE,USER_ADDRESS,USER_BIRTH,USER_AUTH,USER_STATUS,USER_PHOTO) values ('dsfzzzzzz','dfdzzzzz','sdfazzzz','adsf ','01012341234','경기 성남시 분당구 양현로 254 (야탑동, 탑마을쌍용아파트)ㅋ','19600101','100','100',null);
Insert into SCHOOL.USERS (USER_ID,USER_PW,USER_NAME,USER_EMAIL,USER_PHONE,USER_ADDRESS,USER_BIRTH,USER_AUTH,USER_STATUS,USER_PHOTO) values ('9999999','9999999','9999999','99999999','01099999999','경기 성남시 분당구 양현로 254 (야탑동, 탑마을쌍용아파트)9999999','19620303','300','100',null);
Insert into SCHOOL.USERS (USER_ID,USER_PW,USER_NAME,USER_EMAIL,USER_PHONE,USER_ADDRESS,USER_BIRTH,USER_AUTH,USER_STATUS,USER_PHOTO) values ('88888','88888','88888','88888','0108888888','경기 성남시 분당구 양현로 254 (야탑동, 탑마을쌍용아파트)888888','19620304','200','100',null);
Insert into SCHOOL.USERS (USER_ID,USER_PW,USER_NAME,USER_EMAIL,USER_PHONE,USER_ADDRESS,USER_BIRTH,USER_AUTH,USER_STATUS,USER_PHOTO) values ('z44444','44444','44444','4444','01044444444','경기 성남시 분당구 양현로 254 (야탑동, 탑마을쌍용아파트)44444','19771101','100','100',null);
Insert into SCHOOL.USERS (USER_ID,USER_PW,USER_NAME,USER_EMAIL,USER_PHONE,USER_ADDRESS,USER_BIRTH,USER_AUTH,USER_STATUS,USER_PHOTO) values ('ㅠㅠㅠㅠ','ㅠㅠㅠㅠ','ㅠㅠㅠㅠ','ㅠㅠㅠㅠㅠ','01015151251','경기 성남시 분당구 양현로 254 (야탑동, 탑마을쌍용아파트)ㅠㅠㅠㅠㅠ','19761101','100','100',null);
Insert into SCHOOL.USERS (USER_ID,USER_PW,USER_NAME,USER_EMAIL,USER_PHONE,USER_ADDRESS,USER_BIRTH,USER_AUTH,USER_STATUS,USER_PHOTO) values ('학생1','학생1','학생1','vuiuv@naver.com','01057558647','경기 성남시 분당구 양현로 254 (야탑동, 탑마을쌍용아파트)11','19610203','100','100',null);
Insert into SCHOOL.USERS (USER_ID,USER_PW,USER_NAME,USER_EMAIL,USER_PHONE,USER_ADDRESS,USER_BIRTH,USER_AUTH,USER_STATUS,USER_PHOTO) values ('20170000','0000','0000','vuiuv@naver.com','01057558647','경기 성남시 분당구 양현로 254 (야탑동, 탑마을쌍용아파트)1111111','19610203','100','100',null);
Insert into SCHOOL.USERS (USER_ID,USER_PW,USER_NAME,USER_EMAIL,USER_PHONE,USER_ADDRESS,USER_BIRTH,USER_AUTH,USER_STATUS,USER_PHOTO) values ('정혜100','0000','배정혜','vuiuv@naver.com','01057558647','주소','920529','100','100',null);
Insert into SCHOOL.USERS (USER_ID,USER_PW,USER_NAME,USER_EMAIL,USER_PHONE,USER_ADDRESS,USER_BIRTH,USER_AUTH,USER_STATUS,USER_PHOTO) values ('정혜101','0000','배정혜','vuiuv@naver.com','01057558648','주소','920529','100','100',null);
Insert into SCHOOL.USERS (USER_ID,USER_PW,USER_NAME,USER_EMAIL,USER_PHONE,USER_ADDRESS,USER_BIRTH,USER_AUTH,USER_STATUS,USER_PHOTO) values ('정혜102','0000','배정혜','vuiuv@naver.com','01057558649','주소','920529','100','100',null);
Insert into SCHOOL.USERS (USER_ID,USER_PW,USER_NAME,USER_EMAIL,USER_PHONE,USER_ADDRESS,USER_BIRTH,USER_AUTH,USER_STATUS,USER_PHOTO) values ('정혜103','0000','배정혜','vuiuv@naver.com','01057558650','주소','920529','100','100',null);
Insert into SCHOOL.USERS (USER_ID,USER_PW,USER_NAME,USER_EMAIL,USER_PHONE,USER_ADDRESS,USER_BIRTH,USER_AUTH,USER_STATUS,USER_PHOTO) values ('정혜104','0000','배정혜','vuiuv@naver.com','01057558651','주소','920529','100','100',null);
Insert into SCHOOL.USERS (USER_ID,USER_PW,USER_NAME,USER_EMAIL,USER_PHONE,USER_ADDRESS,USER_BIRTH,USER_AUTH,USER_STATUS,USER_PHOTO) values ('정혜105','0000','배정혜','vuiuv@naver.com','01057558652','주소','920529','100','100',null);
Insert into SCHOOL.USERS (USER_ID,USER_PW,USER_NAME,USER_EMAIL,USER_PHONE,USER_ADDRESS,USER_BIRTH,USER_AUTH,USER_STATUS,USER_PHOTO) values ('zcvadf','arqwre','qerqreqwre','Qreqwerwe','01014121241','adfasdfdsafas','19770101','200','100',null);
Insert into SCHOOL.USERS (USER_ID,USER_PW,USER_NAME,USER_EMAIL,USER_PHONE,USER_ADDRESS,USER_BIRTH,USER_AUTH,USER_STATUS,USER_PHOTO) values ('123zzz','zzzz','zzzz','zzz','01014121241','zzzzzz','19770119','100','100','1507802374675_tahiti04s.jpg');
Insert into SCHOOL.USERS (USER_ID,USER_PW,USER_NAME,USER_EMAIL,USER_PHONE,USER_ADDRESS,USER_BIRTH,USER_AUTH,USER_STATUS,USER_PHOTO) values ('124','1234','124124','124','nullnullnull','14124','19781219','100','100','1507808326166_tahiti03.jpg');
--------------------------------------------------------
--  DDL for Index STUDENTID_FK
--------------------------------------------------------

  CREATE UNIQUE INDEX "SCHOOL"."STUDENTID_FK" ON "SCHOOL"."STUDENT" ("STUDENT_ID") 
  PCTFREE 10 INITRANS 2 MAXTRANS 255 COMPUTE STATISTICS 
  STORAGE(INITIAL 65536 NEXT 1048576 MINEXTENTS 1 MAXEXTENTS 2147483645
  PCTINCREASE 0 FREELISTS 1 FREELIST GROUPS 1 BUFFER_POOL DEFAULT FLASH_CACHE DEFAULT CELL_FLASH_CACHE DEFAULT)
  TABLESPACE "SYSTEM" ;
--------------------------------------------------------
--  Constraints for Table MAIN_PDS_COMMENT
--------------------------------------------------------

  ALTER TABLE "SCHOOL"."MAIN_PDS_COMMENT" ADD PRIMARY KEY ("COMMENT_SEQ")
  USING INDEX PCTFREE 10 INITRANS 2 MAXTRANS 255 
  STORAGE(INITIAL 65536 NEXT 1048576 MINEXTENTS 1 MAXEXTENTS 2147483645
  PCTINCREASE 0 FREELISTS 1 FREELIST GROUPS 1 BUFFER_POOL DEFAULT FLASH_CACHE DEFAULT CELL_FLASH_CACHE DEFAULT)
  TABLESPACE "SYSTEM"  ENABLE;
  ALTER TABLE "SCHOOL"."MAIN_PDS_COMMENT" MODIFY ("CREATE_AT" NOT NULL ENABLE);
  ALTER TABLE "SCHOOL"."MAIN_PDS_COMMENT" MODIFY ("CONTENT" NOT NULL ENABLE);
  ALTER TABLE "SCHOOL"."MAIN_PDS_COMMENT" MODIFY ("USER_ID" NOT NULL ENABLE);
  ALTER TABLE "SCHOOL"."MAIN_PDS_COMMENT" MODIFY ("STATUS" NOT NULL ENABLE);
  ALTER TABLE "SCHOOL"."MAIN_PDS_COMMENT" MODIFY ("COMMENT_SHAPE" NOT NULL ENABLE);
  ALTER TABLE "SCHOOL"."MAIN_PDS_COMMENT" MODIFY ("COMMENT_GROUP_NO" NOT NULL ENABLE);
  ALTER TABLE "SCHOOL"."MAIN_PDS_COMMENT" MODIFY ("PDS_SEQ" NOT NULL ENABLE);
--------------------------------------------------------
--  Constraints for Table ADMIN
--------------------------------------------------------

  ALTER TABLE "SCHOOL"."ADMIN" ADD PRIMARY KEY ("ADMIN_ID")
  USING INDEX PCTFREE 10 INITRANS 2 MAXTRANS 255 
  STORAGE(INITIAL 65536 NEXT 1048576 MINEXTENTS 1 MAXEXTENTS 2147483645
  PCTINCREASE 0 FREELISTS 1 FREELIST GROUPS 1 BUFFER_POOL DEFAULT FLASH_CACHE DEFAULT CELL_FLASH_CACHE DEFAULT)
  TABLESPACE "SYSTEM"  ENABLE;
  ALTER TABLE "SCHOOL"."ADMIN" MODIFY ("ADMIN_NAME" NOT NULL ENABLE);
--------------------------------------------------------
--  Constraints for Table COMMENTS
--------------------------------------------------------

  ALTER TABLE "SCHOOL"."COMMENTS" ADD PRIMARY KEY ("COMMENT_SEQ")
  USING INDEX PCTFREE 10 INITRANS 2 MAXTRANS 255 
  STORAGE(INITIAL 65536 NEXT 1048576 MINEXTENTS 1 MAXEXTENTS 2147483645
  PCTINCREASE 0 FREELISTS 1 FREELIST GROUPS 1 BUFFER_POOL DEFAULT FLASH_CACHE DEFAULT CELL_FLASH_CACHE DEFAULT)
  TABLESPACE "SYSTEM"  ENABLE;
  ALTER TABLE "SCHOOL"."COMMENTS" MODIFY ("COMMENT_CREATE_AT" NOT NULL ENABLE);
  ALTER TABLE "SCHOOL"."COMMENTS" MODIFY ("COMMENT_CONTENT" NOT NULL ENABLE);
  ALTER TABLE "SCHOOL"."COMMENTS" MODIFY ("USER_ID" NOT NULL ENABLE);
  ALTER TABLE "SCHOOL"."COMMENTS" MODIFY ("COMMENT_STATUS" NOT NULL ENABLE);
  ALTER TABLE "SCHOOL"."COMMENTS" MODIFY ("COMMENT_SHAPE" NOT NULL ENABLE);
  ALTER TABLE "SCHOOL"."COMMENTS" MODIFY ("COMMENT_GROUP_NO" NOT NULL ENABLE);
  ALTER TABLE "SCHOOL"."COMMENTS" MODIFY ("BBS_SEQ" NOT NULL ENABLE);
--------------------------------------------------------
--  Constraints for Table ECLASS_PDS_BBS
--------------------------------------------------------

  ALTER TABLE "SCHOOL"."ECLASS_PDS_BBS" ADD PRIMARY KEY ("ECLASS_PDS_BBS_SEQ")
  USING INDEX PCTFREE 10 INITRANS 2 MAXTRANS 255 
  STORAGE(INITIAL 65536 NEXT 1048576 MINEXTENTS 1 MAXEXTENTS 2147483645
  PCTINCREASE 0 FREELISTS 1 FREELIST GROUPS 1 BUFFER_POOL DEFAULT FLASH_CACHE DEFAULT CELL_FLASH_CACHE DEFAULT)
  TABLESPACE "SYSTEM"  ENABLE;
  ALTER TABLE "SCHOOL"."ECLASS_PDS_BBS" MODIFY ("SUB_SEQ" NOT NULL ENABLE);
  ALTER TABLE "SCHOOL"."ECLASS_PDS_BBS" MODIFY ("EDATE" NOT NULL ENABLE);
  ALTER TABLE "SCHOOL"."ECLASS_PDS_BBS" MODIFY ("SDATE" NOT NULL ENABLE);
  ALTER TABLE "SCHOOL"."ECLASS_PDS_BBS" MODIFY ("WDATE" NOT NULL ENABLE);
  ALTER TABLE "SCHOOL"."ECLASS_PDS_BBS" MODIFY ("STATUS" NOT NULL ENABLE);
  ALTER TABLE "SCHOOL"."ECLASS_PDS_BBS" MODIFY ("ORG_FILENAME" NOT NULL ENABLE);
  ALTER TABLE "SCHOOL"."ECLASS_PDS_BBS" MODIFY ("FILENAME" NOT NULL ENABLE);
  ALTER TABLE "SCHOOL"."ECLASS_PDS_BBS" MODIFY ("READCOUNT" NOT NULL ENABLE);
  ALTER TABLE "SCHOOL"."ECLASS_PDS_BBS" MODIFY ("CONTENT" NOT NULL ENABLE);
  ALTER TABLE "SCHOOL"."ECLASS_PDS_BBS" MODIFY ("TITLE" NOT NULL ENABLE);
  ALTER TABLE "SCHOOL"."ECLASS_PDS_BBS" MODIFY ("USER_ID" NOT NULL ENABLE);
  ALTER TABLE "SCHOOL"."ECLASS_PDS_BBS" MODIFY ("DEPTH" NOT NULL ENABLE);
  ALTER TABLE "SCHOOL"."ECLASS_PDS_BBS" MODIFY ("STEP" NOT NULL ENABLE);
  ALTER TABLE "SCHOOL"."ECLASS_PDS_BBS" MODIFY ("REF" NOT NULL ENABLE);
--------------------------------------------------------
--  Constraints for Table ECLASS_NOTICE_BBS
--------------------------------------------------------

  ALTER TABLE "SCHOOL"."ECLASS_NOTICE_BBS" ADD PRIMARY KEY ("ECLASS_NOTICE_BBS_SEQ")
  USING INDEX PCTFREE 10 INITRANS 2 MAXTRANS 255 
  STORAGE(INITIAL 65536 NEXT 1048576 MINEXTENTS 1 MAXEXTENTS 2147483645
  PCTINCREASE 0 FREELISTS 1 FREELIST GROUPS 1 BUFFER_POOL DEFAULT FLASH_CACHE DEFAULT CELL_FLASH_CACHE DEFAULT)
  TABLESPACE "SYSTEM"  ENABLE;
  ALTER TABLE "SCHOOL"."ECLASS_NOTICE_BBS" MODIFY ("SUB_SEQ" NOT NULL ENABLE);
  ALTER TABLE "SCHOOL"."ECLASS_NOTICE_BBS" MODIFY ("WDATE" NOT NULL ENABLE);
  ALTER TABLE "SCHOOL"."ECLASS_NOTICE_BBS" MODIFY ("ORG_FILENAME" NOT NULL ENABLE);
  ALTER TABLE "SCHOOL"."ECLASS_NOTICE_BBS" MODIFY ("FILENAME" NOT NULL ENABLE);
  ALTER TABLE "SCHOOL"."ECLASS_NOTICE_BBS" MODIFY ("READCOUNT" NOT NULL ENABLE);
  ALTER TABLE "SCHOOL"."ECLASS_NOTICE_BBS" MODIFY ("CONTENT" NOT NULL ENABLE);
  ALTER TABLE "SCHOOL"."ECLASS_NOTICE_BBS" MODIFY ("TITLE" NOT NULL ENABLE);
  ALTER TABLE "SCHOOL"."ECLASS_NOTICE_BBS" MODIFY ("USER_ID" NOT NULL ENABLE);
--------------------------------------------------------
--  Constraints for Table SUBJECT
--------------------------------------------------------

  ALTER TABLE "SCHOOL"."SUBJECT" MODIFY ("SUB_STATUS" NOT NULL ENABLE);
  ALTER TABLE "SCHOOL"."SUBJECT" ADD PRIMARY KEY ("SUB_SEQ")
  USING INDEX PCTFREE 10 INITRANS 2 MAXTRANS 255 
  STORAGE(INITIAL 65536 NEXT 1048576 MINEXTENTS 1 MAXEXTENTS 2147483645
  PCTINCREASE 0 FREELISTS 1 FREELIST GROUPS 1 BUFFER_POOL DEFAULT FLASH_CACHE DEFAULT CELL_FLASH_CACHE DEFAULT)
  TABLESPACE "SYSTEM"  ENABLE;
  ALTER TABLE "SCHOOL"."SUBJECT" MODIFY ("SUB_PARENT" NOT NULL ENABLE);
  ALTER TABLE "SCHOOL"."SUBJECT" MODIFY ("SUB_REF" NOT NULL ENABLE);
  ALTER TABLE "SCHOOL"."SUBJECT" MODIFY ("SUB_POINT" NOT NULL ENABLE);
  ALTER TABLE "SCHOOL"."SUBJECT" MODIFY ("SUB_NOW_STUDENT" NOT NULL ENABLE);
  ALTER TABLE "SCHOOL"."SUBJECT" MODIFY ("SUB_MAX_STUDENT" NOT NULL ENABLE);
  ALTER TABLE "SCHOOL"."SUBJECT" MODIFY ("SUB_E_CLASS" NOT NULL ENABLE);
  ALTER TABLE "SCHOOL"."SUBJECT" MODIFY ("SUB_S_CLASS" NOT NULL ENABLE);
  ALTER TABLE "SCHOOL"."SUBJECT" MODIFY ("SUB_WEEK" NOT NULL ENABLE);
  ALTER TABLE "SCHOOL"."SUBJECT" MODIFY ("SUB_ROOM" NOT NULL ENABLE);
  ALTER TABLE "SCHOOL"."SUBJECT" MODIFY ("SUB_INFO" NOT NULL ENABLE);
  ALTER TABLE "SCHOOL"."SUBJECT" MODIFY ("PROFESSOR_NAME" NOT NULL ENABLE);
  ALTER TABLE "SCHOOL"."SUBJECT" MODIFY ("PROFESSOR_ID" NOT NULL ENABLE);
  ALTER TABLE "SCHOOL"."SUBJECT" MODIFY ("SUB_SEMESTER" NOT NULL ENABLE);
  ALTER TABLE "SCHOOL"."SUBJECT" MODIFY ("SUB_GRADE" NOT NULL ENABLE);
  ALTER TABLE "SCHOOL"."SUBJECT" MODIFY ("MAJOR_NUMBER" NOT NULL ENABLE);
  ALTER TABLE "SCHOOL"."SUBJECT" MODIFY ("SUB_CATEGORY" NOT NULL ENABLE);
--------------------------------------------------------
--  Constraints for Table STUDENT
--------------------------------------------------------

  ALTER TABLE "SCHOOL"."STUDENT" MODIFY ("STUDENT_NAME" NOT NULL ENABLE);
  ALTER TABLE "SCHOOL"."STUDENT" ADD CONSTRAINT "STUDENTID_FK" PRIMARY KEY ("STUDENT_ID")
  USING INDEX PCTFREE 10 INITRANS 2 MAXTRANS 255 COMPUTE STATISTICS 
  STORAGE(INITIAL 65536 NEXT 1048576 MINEXTENTS 1 MAXEXTENTS 2147483645
  PCTINCREASE 0 FREELISTS 1 FREELIST GROUPS 1 BUFFER_POOL DEFAULT FLASH_CACHE DEFAULT CELL_FLASH_CACHE DEFAULT)
  TABLESPACE "SYSTEM"  ENABLE;
--------------------------------------------------------
--  Constraints for Table MAIN_BBS
--------------------------------------------------------

  ALTER TABLE "SCHOOL"."MAIN_BBS" ADD PRIMARY KEY ("BBS_SEQ")
  USING INDEX PCTFREE 10 INITRANS 2 MAXTRANS 255 
  STORAGE(INITIAL 65536 NEXT 1048576 MINEXTENTS 1 MAXEXTENTS 2147483645
  PCTINCREASE 0 FREELISTS 1 FREELIST GROUPS 1 BUFFER_POOL DEFAULT FLASH_CACHE DEFAULT CELL_FLASH_CACHE DEFAULT)
  TABLESPACE "SYSTEM"  ENABLE;
  ALTER TABLE "SCHOOL"."MAIN_BBS" MODIFY ("BBS_WDATE" NOT NULL ENABLE);
  ALTER TABLE "SCHOOL"."MAIN_BBS" MODIFY ("BBS_STATUS" NOT NULL ENABLE);
  ALTER TABLE "SCHOOL"."MAIN_BBS" MODIFY ("BBS_ORG_FILENAME" NOT NULL ENABLE);
  ALTER TABLE "SCHOOL"."MAIN_BBS" MODIFY ("BBS_STORED_FILENAME" NOT NULL ENABLE);
  ALTER TABLE "SCHOOL"."MAIN_BBS" MODIFY ("BBS_READCOUNT" NOT NULL ENABLE);
  ALTER TABLE "SCHOOL"."MAIN_BBS" MODIFY ("BBS_CONTENT" NOT NULL ENABLE);
  ALTER TABLE "SCHOOL"."MAIN_BBS" MODIFY ("BBS_TITLE" NOT NULL ENABLE);
  ALTER TABLE "SCHOOL"."MAIN_BBS" MODIFY ("USER_ID" NOT NULL ENABLE);
  ALTER TABLE "SCHOOL"."MAIN_BBS" MODIFY ("BBS_REPLY" NOT NULL ENABLE);
  ALTER TABLE "SCHOOL"."MAIN_BBS" MODIFY ("BBS_REF" NOT NULL ENABLE);
  ALTER TABLE "SCHOOL"."MAIN_BBS" MODIFY ("BOARD_URL" NOT NULL ENABLE);
--------------------------------------------------------
--  Constraints for Table PROFESSOR
--------------------------------------------------------

  ALTER TABLE "SCHOOL"."PROFESSOR" ADD PRIMARY KEY ("PROF_ID")
  USING INDEX PCTFREE 10 INITRANS 2 MAXTRANS 255 
  STORAGE(INITIAL 65536 NEXT 1048576 MINEXTENTS 1 MAXEXTENTS 2147483645
  PCTINCREASE 0 FREELISTS 1 FREELIST GROUPS 1 BUFFER_POOL DEFAULT FLASH_CACHE DEFAULT CELL_FLASH_CACHE DEFAULT)
  TABLESPACE "SYSTEM"  ENABLE;
  ALTER TABLE "SCHOOL"."PROFESSOR" MODIFY ("PROF_NAME" NOT NULL ENABLE);
--------------------------------------------------------
--  Constraints for Table USERS
--------------------------------------------------------

  ALTER TABLE "SCHOOL"."USERS" ADD PRIMARY KEY ("USER_ID")
  USING INDEX PCTFREE 10 INITRANS 2 MAXTRANS 255 
  STORAGE(INITIAL 65536 NEXT 1048576 MINEXTENTS 1 MAXEXTENTS 2147483645
  PCTINCREASE 0 FREELISTS 1 FREELIST GROUPS 1 BUFFER_POOL DEFAULT FLASH_CACHE DEFAULT CELL_FLASH_CACHE DEFAULT)
  TABLESPACE "SYSTEM"  ENABLE;
  ALTER TABLE "SCHOOL"."USERS" MODIFY ("USER_STATUS" NOT NULL ENABLE);
  ALTER TABLE "SCHOOL"."USERS" MODIFY ("USER_AUTH" NOT NULL ENABLE);
  ALTER TABLE "SCHOOL"."USERS" MODIFY ("USER_BIRTH" NOT NULL ENABLE);
  ALTER TABLE "SCHOOL"."USERS" MODIFY ("USER_ADDRESS" NOT NULL ENABLE);
  ALTER TABLE "SCHOOL"."USERS" MODIFY ("USER_PHONE" NOT NULL ENABLE);
  ALTER TABLE "SCHOOL"."USERS" MODIFY ("USER_EMAIL" NOT NULL ENABLE);
  ALTER TABLE "SCHOOL"."USERS" MODIFY ("USER_NAME" NOT NULL ENABLE);
  ALTER TABLE "SCHOOL"."USERS" MODIFY ("USER_PW" NOT NULL ENABLE);
--------------------------------------------------------
--  Ref Constraints for Table ADMIN
--------------------------------------------------------

  ALTER TABLE "SCHOOL"."ADMIN" ADD CONSTRAINT "ADMIN_FK" FOREIGN KEY ("ADMIN_ID")
	  REFERENCES "SCHOOL"."USERS" ("USER_ID") ON DELETE CASCADE ENABLE;
--------------------------------------------------------
--  Ref Constraints for Table ASSESSMENT
--------------------------------------------------------

  ALTER TABLE "SCHOOL"."ASSESSMENT" ADD CONSTRAINT "ATSTUDENT_ID_FK" FOREIGN KEY ("STUDENT_ID")
	  REFERENCES "SCHOOL"."STUDENT" ("STUDENT_ID") ENABLE;
  ALTER TABLE "SCHOOL"."ASSESSMENT" ADD CONSTRAINT "SUB_SEQ_NUM_FK" FOREIGN KEY ("SUB_SEQ_NUM")
	  REFERENCES "SCHOOL"."SUBJECT" ("SUB_SEQ") ENABLE;
--------------------------------------------------------
--  Ref Constraints for Table ECLASS_NOTICE_BBS
--------------------------------------------------------

  ALTER TABLE "SCHOOL"."ECLASS_NOTICE_BBS" ADD CONSTRAINT "FK_ENOTICE_SUB_SEQ" FOREIGN KEY ("SUB_SEQ")
	  REFERENCES "SCHOOL"."SUBJECT" ("SUB_SEQ") ENABLE;
  ALTER TABLE "SCHOOL"."ECLASS_NOTICE_BBS" ADD CONSTRAINT "FK_ENOTICE_USER_ID" FOREIGN KEY ("USER_ID")
	  REFERENCES "SCHOOL"."USERS" ("USER_ID") ENABLE;
--------------------------------------------------------
--  Ref Constraints for Table ECLASS_PDS_BBS
--------------------------------------------------------

  ALTER TABLE "SCHOOL"."ECLASS_PDS_BBS" ADD CONSTRAINT "FK_EPDS_USER_ID" FOREIGN KEY ("USER_ID")
	  REFERENCES "SCHOOL"."USERS" ("USER_ID") ENABLE;
--------------------------------------------------------
--  Ref Constraints for Table MAIN_BBS
--------------------------------------------------------

  ALTER TABLE "SCHOOL"."MAIN_BBS" ADD CONSTRAINT "FK_MAIN_BBS_ID" FOREIGN KEY ("USER_ID")
	  REFERENCES "SCHOOL"."USERS" ("USER_ID") ENABLE;
--------------------------------------------------------
--  Ref Constraints for Table PROFESSOR
--------------------------------------------------------

  ALTER TABLE "SCHOOL"."PROFESSOR" ADD CONSTRAINT "PROFESSOR_FK" FOREIGN KEY ("PROF_ID")
	  REFERENCES "SCHOOL"."USERS" ("USER_ID") ON DELETE CASCADE ENABLE;
--------------------------------------------------------
--  Ref Constraints for Table STUDENT
--------------------------------------------------------

  ALTER TABLE "SCHOOL"."STUDENT" ADD CONSTRAINT "STUDENT_FK" FOREIGN KEY ("STUDENT_ID")
	  REFERENCES "SCHOOL"."USERS" ("USER_ID") ON DELETE CASCADE ENABLE;
--------------------------------------------------------
--  Ref Constraints for Table SUBJECT
--------------------------------------------------------

  ALTER TABLE "SCHOOL"."SUBJECT" ADD CONSTRAINT "FK_SUB_UID" FOREIGN KEY ("PROFESSOR_ID")
	  REFERENCES "SCHOOL"."USERS" ("USER_ID") ENABLE;
